-- Ensure that UTF-8 is used
SET NAMES utf8mb4;

-- Setup the Database
DROP DATABASE IF EXISTS InClubSIT;
CREATE DATABASE IF NOT EXISTS InClubSIT;
USE InClubSIT;

-- Setup the Tables
CREATE TABLE IF NOT EXISTS Account (
    StudentID INT NOT NULL,
    Username VARCHAR(127) NOT NULL UNIQUE,
    Email VARCHAR(127) NOT NULL UNIQUE,
    FirstName VARCHAR(127) NOT NULL,
    LastName VARCHAR(127) NOT NULL,
    PRIMARY KEY (StudentID),
    UNIQUE (Username, Email)
);

CREATE TABLE IF NOT EXISTS AccountType (
    AccountTypeID INT NOT NULL AUTO_INCREMENT,
    TypeName VARCHAR(127) NOT NULL UNIQUE,
    PRIMARY KEY (AccountTypeID)
);

CREATE TABLE IF NOT EXISTS ClubCategory (
    ClubCategoryID INT NOT NULL AUTO_INCREMENT,
    ClubCategoryName VARCHAR(127) NOT NULL UNIQUE,
    PRIMARY KEY (ClubCategoryID)
);

CREATE TABLE IF NOT EXISTS Club (
    ClubID INT NOT NULL AUTO_INCREMENT,
    ClubName VARCHAR(127) NOT NULL UNIQUE,
    ClubCategoryID INT NOT NULL,
    ClubDescription LONGTEXT NOT NULL,
    PRIMARY KEY (ClubID),
    FOREIGN KEY (ClubCategoryID)
        REFERENCES ClubCategory(ClubCategoryID)
);

CREATE TABLE IF NOT EXISTS ClubCategoryInformation (
    ClubCategoryInfoID INT NOT NULL AUTO_INCREMENT,
    ClubCategoryID INT NOT NULL,
    CategoryDescription LONGTEXT NOT NULL,
    ImageURL VARCHAR(511) NOT NULL,
    OtherDetails LONGTEXT,
    PRIMARY KEY (ClubCategoryInfoID),
    FOREIGN KEY (ClubCategoryID)
        REFERENCES ClubCategory(ClubCategoryID)
);


CREATE TABLE IF NOT EXISTS ClubMember (
    ClubMemberID INT NOT NULL AUTO_INCREMENT,
    ClubID INT NOT NULL,
    StudentID INT NOT NULL,
    AccountTypeID INT NOT NULL,
    PRIMARY KEY (ClubMemberID),
    FOREIGN KEY (ClubID)
        REFERENCES Club(ClubID),
    FOREIGN KEY (StudentID)
        REFERENCES Account(StudentID)
        ON DELETE CASCADE,
    FOREIGN KEY (AccountTypeID)
        REFERENCES AccountType(AccountTypeID),
    UNIQUE (ClubID, StudentID)
);

-- CREATE TABLE IF NOT EXISTS Interest (
--     InterestID INT NOT NULL AUTO_INCREMENT,
--     AccountID INT NOT NULL,
--     ClubID INT NOT NULL,
--     PRIMARY KEY (InterestID),
--     FOREIGN KEY (AccountID)
--         REFERENCES Account(AccountID)
--         ON DELETE CASCADE,
--     FOREIGN KEY (ClubID)
--         REFERENCES Club(ClubID)
--         ON DELETE CASCADE
-- );

-- Dummy Data

INSERT INTO AccountType (TypeName) VALUES ('Leader');
INSERT INTO AccountType (TypeName) VALUES ('Member');

INSERT INTO ClubCategory (ClubCategoryName) VALUES ('Special Interest');
INSERT INTO ClubCategory (ClubCategoryName) VALUES ('Global Citizenship');
INSERT INTO ClubCategory (ClubCategoryName) VALUES ('Leadership');
INSERT INTO ClubCategory (ClubCategoryName) VALUES ('Performing Arts');
INSERT INTO ClubCategory (ClubCategoryName) VALUES ('Sports');
INSERT INTO ClubCategory (ClubCategoryName) VALUES ('Student Chapter');
INSERT INTO ClubCategory (ClubCategoryName) VALUES ('Student Management Comittee');

INSERT INTO ClubCategory (ClubCategoryName) VALUES ('Student Management Comittee');
INSERT INTO ClubCategory (ClubCategoryName) VALUES ('Leadership');
INSERT INTO ClubCategory (ClubCategoryName) VALUES ('Sports');
INSERT INTO ClubCategory (ClubCategoryName) VALUES ('Performing Arts');
INSERT INTO ClubCategory (ClubCategoryName) VALUES ('Global Citizenship');
INSERT INTO ClubCategory (ClubCategoryName) VALUES ('Student Chapter');
INSERT INTO ClubCategory (ClubCategoryName) VALUES ('Special Interest');

INSERT INTO Club (ClubName, ClubCategoryID, ClubDescription) VALUES ('Basketball Club', 3, 'A club for people who enjoy playing basketball. We offer training sessions for all levels of players, from beginners to experienced players.');
INSERT INTO Club (ClubName, ClubCategoryID, ClubDescription) VALUES ('Soccer Club', 3, 'A club for people who enjoy playing soccer. We offer training sessions for all levels of players, from beginners to experienced players.');
INSERT INTO Club (ClubName, ClubCategoryID, ClubDescription) VALUES ('Tennis Club', 3, 'A club for people who enjoy playing tennis. We offer training sessions for all levels of players, from beginners to experienced players.');
INSERT INTO Club (ClubName, ClubCategoryID, ClubDescription) VALUES ('Swimming Club', 3, 'A club for people who enjoy swimming. We offer training sessions for all levels of swimmers, from beginners to experienced swimmers.');
INSERT INTO Club (ClubName, ClubCategoryID, ClubDescription) VALUES ('Running Club', 3, 'A club for people who enjoy running. We offer training sessions for all levels of runners, from beginners to experienced runners.');
INSERT INTO Club (ClubName, ClubCategoryID, ClubDescription) VALUES ('Adventure Club', 3, 'Where we promote Daring Adventures, Real Experience (DARE). On our last few academic milestones, we believe not only in studying hard but also playing hard. We believe in making friends and having fun along the way while creating a memorable and fruitful journey in SIT.In Adventure Club, we hold outdoor events, e.g. amazing race, abseiling, cycling, island exploration, kayaking, hiking, and so much more! As we prioritize fun and safety above all else. Activities are also tailored to be as inclusive as possible for all SITizen regardless of fitness level.To add the cherry on top, we understand that coping with studies can be a challenge, especially in terms of time management. And for that, we would like to assure you not to worry! Although we encourage SITizens to participate in as many events as possible to strengthen the bond as a DARE family, participation will be on an event basis only.');
INSERT INTO Club (ClubName, ClubCategoryID, ClubDescription) VALUES ('Archery Club', 3, 'SIT Archery is a competitive varsity team. SIT Archery provides a platform for students to pick up archery as a sport, as well as for experienced archers to train hard and represent SIT in competitions in various tournaments in Singapore such as the Archery Indoor Season at NUS, outdoor field Archery at NTU, as well as Pesta Sukan. With a relatively short history compared to other institutions, our club aims to bring SIT''s name into the spotlight of the Archery community. If you are looking for a challenging yet, exciting journey, this is definitely your calling. We have our weekly training at the Salt and Light Archery range, located at West Coast. New archers will need to go through a basic archery course, with guidance from coach and seniors. Equipment will be provided too. Archery requires both physical strength and endurance, and most importantly, mental resilience, focus and patience. If you are up for the challenge and want to push yourself to greater heights');
INSERT INTO Club (ClubName, ClubCategoryID, ClubDescription) VALUES ('Badminton Club', 3, 'We are one of the more popular sports clubs within the school. The goal is to help students to develop comprehensive skill sets while nurturing the individual''s interest in the club beyond the academic curriculum. SIT Badminton firmly believes in the promotion of social, cultural, and holistic responsibilities in the community where students can find pride and a strong sense of belonging. The SIT Badminton Team conducts training regularly every Thursday, in the SIT@Dover campus, and is regulated by the Coach alongside the Team''s Captains.  For the recreational club, courts are open for them to play and interact with students from different courses. This promotes a friendly and socially connecting environment, where members are able to propose bonding activity ideas, creating more interactions between the students. This will help foster the Badminton community within SIT. Furthermore, we also hold events such as the Shuttlers'' Open that allows anyone in the student body to showcase their skills in the name of healthy competition.');
INSERT INTO Club (ClubName, ClubCategoryID, ClubDescription) VALUES ('Bowling Club', 3, 'We are a group of bowlers who share a common passion for the sport, enjoy bonding and learning together as a club/team. If you have no prior experience in Bowling, rest assured that our friendly members and coach will be around to guide you. So, if you are keen to try something new, keep fit in an air-conditioned environment, we are definitely the club for you! Training together is a fun and enriching experience, and we guarantee that you will learn something new. As a competitive team, we strive (and strike) for the best! We are actively training in preparation for the main competitions: Singapore University Games (SUniG) and Institute-Varsity-Polytechnic Games (IVP). In recent years, our team has seen significant improvement in our performance among the universities. In SUniG 2019, our Women''s Team dominated the competition and took home the championship - SIT''s first at the games. We believe in giving every team member an opportunity to sharpen their technical skills and teamwork on the lanes.');
INSERT INTO Club (ClubName, ClubCategoryID, ClubDescription) VALUES ('Calisthenics Club', 3, 'It means beauty and ''Sthenos'' meaning Strength. The earliest recorded practice of this art was during the time of Ancient Greece, employed as part of the training by the armies of ''Alexander the great'' and even the ''Spartans''. Calisthenics is a form of exercise consisting of movements that work on a wide variety of muscle groups. These exercises are often performed rhythmically using bodyweight with minimal or even no equipment. They are intended to increase strength, fitness, and flexibility, through movements such as pulling, pushing, bending, jumping, or swinging. It can also provide the benefits of muscular and aerobic conditioning, in addition to improving psychomotor skills such as balance, agility, and coordination.');
INSERT INTO Club (ClubName, ClubCategoryID, ClubDescription) VALUES ('Canoe Club', 3, 'Welcome to the exhilarating world of SIT Canoe Sprint, where speed meets skill on shimmering waters at MacRitchie Reservoir! Discover the adrenaline rush of racing fused with the serenity of paddling through nature. Master the art of paddling, pushing your limits for lightning-fast speeds. Technique, finesse, and strategy are key to outpace competitors.Whether you seek solo challenge in a kayak/canoe or camaraderie in a team event, Canoe Sprint offers diverse events and distances. From heart-pounding sprints to grueling endurance races, each stroke shapes a stronger, confident you.');
INSERT INTO Club (ClubName, ClubCategoryID, ClubDescription) VALUES ('Cue Sports Club', 3, 'Hello and welcome to SIT Cue Sports! We represent SIT in annual competitions such as the SUniG 9-ball pool and many other divisional and team tournaments. If you are looking to join a sport that challenges the mind, then you have come to the right place! Prior experience with billiards is not required. We welcome all students to join us and be part of our Cue Sports family!');
INSERT INTO Club (ClubName, ClubCategoryID, ClubDescription) VALUES ('Dragon Boat Club', 3, 'Join SIT Dragon Boat for an exciting water sports challenge during your university journey! Experience the camaraderie and dedication of a passionate team as we compete in various Dragon Boat competitions in Singapore, including the prestigious Prime Minister''s Cup among Singapore Universities. If you love training hard and giving your best, this is the team for you.');
INSERT INTO Club (ClubName, ClubCategoryID, ClubDescription) VALUES ('Floorball Club', 3, 'At SIT Floorball, we forge bonds while playing floorball together and represent SIT in the annual Singapore University Games (SUniG) and Institute-Varsity-Polytechnic (IVP) Games. Whether you are here to try out something new or an experienced floorball player, join us and we shall face the opponents together.');
INSERT INTO Club (ClubName, ClubCategoryID, ClubDescription) VALUES ('Football Club', 3, 'The team has seen improvements each year and came exceptionally close to qualifying for the IVP games last year. This year, we aim to push ourselves further to achieve our goals through hard work, perseverance, and commitment. We believe in nurturing all individuals to reach their full potential through a supportive and encouraging team climate. As individuals, we share a common passion for football and are dedicated to developing ourselves on and off the field.');
INSERT INTO Club (ClubName, ClubCategoryID, ClubDescription) VALUES ('Futsal Club', 3, 'We welcome new talents with open arms. This will be a great platform for students who are filled with passion for soccer to unleash their potential skills at any level and showcase them. We motivate and coach one another on the strengths and weaknesses and build cohesive bonds to create a zestful atmosphere that drives students to join us and participate. There are no sign-ups fees involved and we get to meet new people during every training session.');
INSERT INTO Club (ClubName, ClubCategoryID, ClubDescription) VALUES ('Gold Club', 3, 'which enables all matriculated students (with/without prior golf experience) to learn more about the intricacies of the sport and to learn or fine-tune golf techniques to become better golfers. SIT Golf Club offers a platform for students who long to learn and play golf in a professional setting. One of our club''s main objectives is to cater Golf as a sport for the masses, and to illustrate to SIT students that it is a sport that is easy to take up.');
INSERT INTO Club (ClubName, ClubCategoryID, ClubDescription) VALUES ('Handball Club', 3, 'Handball is a fast-paced and dynamic team sport where 2 teams of 7 players (6 outfield players and 1 goalkeeper) compete against each other on a 40m by 20m court. With two halves of 30 minutes each, attackers are required to break the opponents'' defense and score from a minimum of six metres away from the goal post. As such, fascinating plays, exciting fast breaks, and powerful shots can be expected in a typical handball match.');
INSERT INTO Club (ClubName, ClubCategoryID, ClubDescription) VALUES ('Hockey Club', 3, 'Encompassing dexterity, skill and alacrity, field hockey is an exciting and enjoyable sport that you can look forward to with your friends! We are a team that welcomes everyone, regardless of your prior experience :)');
INSERT INTO Club (ClubName, ClubCategoryID, ClubDescription) VALUES ('Inline Skating Club', 3, 'SIT Inline Skate Club is a recreational sports club that brings students who share a common love for skating together. The club welcomes anyone interested in skating for fun to join us during our weekly sessions, with or without experience.');
INSERT INTO Club (ClubName, ClubCategoryID, ClubDescription) VALUES ('Jiujitsu Club', 3, 'Jiujitsu is a self-defence martial art that is based on grappling, ground-work, and submission holds. It promotes personal physical fitness, mental strength and builds character as an individual. Through discipline and dedication, Jiujitsu allows individuals to defend themselves in undesirable situations.');
INSERT INTO Club (ClubName, ClubCategoryID, ClubDescription) VALUES ('Judo Club', 3, 'Judo is a Japanese martial art that utilizes grappling techniques to throw, immobilize, or submit opponents. It encourages physical fitness, mental discipline, and respect for others. Here at SIT Judo, we aim to promote and develop interest for individuals who are seeking to learn more about the sport. We are a group of passionate students coming together to create a community to achieve common goals and objectives.');
INSERT INTO Club (ClubName, ClubCategoryID, ClubDescription) VALUES ('Karate Club', 3, 'Being a close-contact martial art, physical contact is unavoidable, we require mutual trust and respect between members in and out of training, along witrh training procedures in place to ensure safety. We also value commitment and interaction within members. Members are encouraged to take part in competitions to gain confidence and experience. We strongly feel that everyone will be able to achieve their personal goals in Karate and develop their potential in areas out of their comfort zones, with hard work and practice. We are convinced that the effort you put in will definitely result in the fruition of achieving your goals with us here in SIT Karate. What are you waiting for? Join us today!');
INSERT INTO Club (ClubName, ClubCategoryID, ClubDescription) VALUES ('Kickboxing Club', 3, 'Kickboxing is a stand-up combat sport where fighters use punches and kicks to tackle their opponents in several 3-minute rounds. This fast-paced and dynamic art is practiced with the use of safety gear such as: mouth guards, hand wraps, boxing gloves and shin pads. SIT Kickboxing was founded in 2017, and we welcome people of all experience levels, from the new beginner, to the seasoned athlete! On Thursday evenings, we start off training with a group warm-up, going through techniques, drills, and its application in various sparring scenarios. You can expect to be trained in various aspects of unarmed combat such as striking, takedowns and grappling by our experienced coaches. Towards the end, we have a quick cool-down before heading out for team supper!');
INSERT INTO Club (ClubName, ClubCategoryID, ClubDescription) VALUES ('Mindsports Club', 3, 'Chess is one of the oldest strategic board games in the world, believed to have roots in India from nearly 1500 years ago. Since then, it has spawned over 2,000 other variants such as Shogi and XiangQi, being used throughout history for teaching war strategy among the nobility. There are 32 pieces on a chess board of 6 different types of pieces. 2 players take turns to make moves and form strategies and tactics to outsmart the opponent and capture the opposing King.');
INSERT INTO Club (ClubName, ClubCategoryID, ClubDescription) VALUES ('Netball Club', 3, 'The team builds on an environment of hard work and basics amidst humor and fun. What makes the team a team is that we train hard together, celebrate successes, and encourage each other through the valley lows. It is a family where everyone is unique and contributes to team dynamics. Why Quokkas? Like the happy and calm disposition of quokkas (although tenacious when provoked), we hope to be a team that remains fearless in the face of adversity. Although adored for amiable features, such as its “natural cuteness” and smiles, quokkas stand firm in the face of enemies.');
INSERT INTO Club (ClubName, ClubCategoryID, ClubDescription) VALUES ('Powerlifting Club', 3, 'We are primarily interested in honing our craft of the big 3, Squat, Bench, and Deadlift. Competitions involve lifting the maximal amount of weight in the 3 disciplines. However, the Big 3 is not the only exercise we do. No matter the experience level, we believe that everyone has the ability to partake in barbell training.');
INSERT INTO Club (ClubName, ClubCategoryID, ClubDescription) VALUES ('Rock Climbing Club', 3, 'As the name suggests, we are involved in rock climbing activities (mainly indoors). There are two types of climbing that we engage in - top roping/lead-climbing and bouldering. Top roping is a form of climbing where the rope is already up on the anchor and there is a belayer to assist your climb up. Whereas lead climbing is when the climber starts from the ground and climbs to the top while periodically connects the rope to protection equipment for safety, thus leading the way up.');
INSERT INTO Club (ClubName, ClubCategoryID, ClubDescription) VALUES ('Rugby Club', 3, 'Rugby is a well-known team sport worldwide that boosts your fitness and builds strength required for the contact of the sport. It is a great sport that focuses on your pace, agility, speed, endurance, cardio, discipline, and self-confidence. In addition, our team creates bonds, teamwork, and brotherhood through our preparations for annual competitions against other universities.');
INSERT INTO Club (ClubName, ClubCategoryID, ClubDescription) VALUES ('Silat Club', 3, 'Silat, as a martial art, is an effective system of self-defense using an equal emphasis on both upper and lower limb techniques, which involves punching, kicking, and dropping techniques to the opponent. SIT Silat comprises of both a Varsity Team and a Club. Our team has been representing the University in the annual Tertiary Pencak Silat Championships, competing with other Tertiary Institutions which includes other Universities, Polytechnics, and ITE.');
INSERT INTO Club (ClubName, ClubCategoryID, ClubDescription) VALUES ('Squash Club', 3, 'The team had participated in Singapore University Games (SUniG) the following year from 2018 until now, as well as in-between tournaments such as National Squash League and Pesta Sukan. We also play friendly matches against other schools occasionally to polish our game skills and forge new friendships.');
INSERT INTO Club (ClubName, ClubCategoryID, ClubDescription) VALUES ('Table Tennis Club', 3, 'Table tennis is a type of racquet sport that has its origins traced back to England. It is usually played either in the singles or doubles mode. The racquets used are made up of wood coupled with ''skins'' that are made of rubber in sheet form. These rubber sheets come in many different versions that require different play styles. The more commonly used ones include smooth, long pips, anti-spin, and short pips. Aside from its technical skills, table tennis is a sport that requires agility, endurance, and mental dexterity.');
INSERT INTO Club (ClubName, ClubCategoryID, ClubDescription) VALUES ('Taekwondo Club', 3, 'Taekwondo is a type of Korean martial art that demonstrates the art of self-defence. It involves both combat and self-defence techniques using kicks and punches. Its name ''Taekwondo'' translates into the way of the foot and the fist.');
INSERT INTO Club (ClubName, ClubCategoryID, ClubDescription) VALUES ('Tchoukball Club', 3, 'Tchoukball promotes passion for the sport while emphasizing respect, integrity, sportsmanship, and teamwork. In 7 years, we have achieved significant success both in Singapore and internationally, representing SIT and Singapore. Guided by skilled national-level coaches, that prepare for the Singapore University Games (SUniG) and Inter-Tertiary Tchoukball Championships.');
INSERT INTO Club (ClubName, ClubCategoryID, ClubDescription) VALUES ('Touch Rugby', 3, 'As a sport that utilizes a strategy to win, Touch Rugby is both mentally and physically challenging. It is extremely exciting and being a teamwork-centered and fast-paced sport, it will never fail to challenge you in its gameplay, in terms of strategies and skills. If you are one for pushing limits, our club is perfect for you!');
INSERT INTO Club (ClubName, ClubCategoryID, ClubDescription) VALUES ('Track & Field Club', 3, 'At SIT Track & Field, we pride ourselves as a platform for SITizens to pursue their individual athletic passions and goals. Constantly working hard to groom each and every one of our members in their specified area of interest (whether in running, jumping, or throwing), we encourage individuals to fulfill their undiscovered potentials to the fullest and maybe even discover some hidden talents along the way.');
INSERT INTO Club (ClubName, ClubCategoryID, ClubDescription) VALUES ('Ultimate Frisbee Club', 3, 'Ultimate Frisbee is a competitive, high intensity, non-contact team sport. With players from diverse backgrounds, we train twice a week, learning fundamental skills (such as throwing, catching, and footwork) and exploring the game of frisbee. Also, being a self-officiated sport, values such as team spirit and respect for our opponents are paramount for any and every team.');
INSERT INTO Club (ClubName, ClubCategoryID, ClubDescription) VALUES ('Volleyball Club', 3, 'The SIT Volleyball team was founded a few years back and we are still growing together as a team. Getting into SUniG Top 4 is our team goal. Even though we did not meet the mark last year, we are driven to train harder to achieve the goal we set for ourselves this coming year as a team! This club would be a perfect choice for you if you are interested in spiking or diving for some balls.');
INSERT INTO Club (ClubName, ClubCategoryID, ClubDescription) VALUES ('Water Polo Club', 3, 'We are a team that aims to not only enjoy a high adrenaline-pumping sport but to also create fun memories together! Water polo has elements of football, handball, and swimming all in one, making it such a unique sport! SIT Water Polo provides a platform for all to pick up water polo, as well as providing players a place to train and opportunities to compete. We hold weekly training sessions, for both men and women, to teach our members the skills and techniques required for the game. As long as you have a passion for Water Polo, and you are able to swim confidently in freestyle and breaststroke, you are welcome to join, even if you are inexperienced.');
INSERT INTO Club (ClubName, ClubCategoryID, ClubDescription) VALUES ('Wushu Club', 3, 'Wushu is a form of Chinese martial art that includes both combat and routine element. The routine element consists of various stances, kicks and jumps which would be taught and covered during training. With the basics of Wushu, not only will you learn about self-defense, you will also acquire values such as determination and teamwork.');
INSERT INTO Club (ClubName, ClubCategoryID, ClubDescription) VALUES ('Audiowekrs Club', 4, 'Audiowerks is the club for you! With members that have their footing in the industry and seasoned performers, we have many tips and tricks to share! Audiowerks includes music production, deejaying and live audio setup so there is definitely something for everyone!');
INSERT INTO Club (ClubName, ClubCategoryID, ClubDescription) VALUES ('Ballroom Club', 4, 'SIT Ballroom is a group that wants to learn ballroom dancing and have fun doing it! Our motto is People, Arts, Sportsmanship. You will be exposed to a variety of ballroom genres, such as Waltz, Tango, Quickstep, Foxtrot, and Vietnamese Waltz. Being a people-oriented club, class arrangements are based on the level of dancers, their needs, interests, as well as everyone''s schedule.');
INSERT INTO Club (ClubName, ClubCategoryID, ClubDescription) VALUES ('Breakers Club', 4, 'Established in 2018, SIT Breakers is a dance club promoting freedom of expression through Bboying/Bgirling (Breaking or "Breakdancing"). It fosters confidence, individuality, and engagement within the Singapore-breaking community. The dance genre originated in 1970s New York City, influenced by Hip Hop music and characterized by dynamic movements in 4 elements: Toprock, Footwork, Freezes, and Powermoves.');
INSERT INTO Club (ClubName, ClubCategoryID, ClubDescription) VALUES ('Chinese Orchestra Club', 4, 'Established in late 2022, the SIT Chinese Orchestra has become a prominent and cherished group at the Singapore Institute of Technology (SIT), representing Chinese culture and fostering teamwork. Guided by the motto "Nurturing Innovators, Fostering Strong Bonds" the orchestra showcases the rich heritage of traditional Chinese music while incorporating contemporary elements.');
INSERT INTO Club (ClubName, ClubCategoryID, ClubDescription) VALUES ('D''Streak Flo Club', 4, 'D''Streak Flo (DF) is a dance club that specializes in Street Jazz and Choreography. Established in 2017 as DanceFit, it was rebranded in 2021 and currently has over 130 members. DF aims to spread its groove ("flow") to every "district" in Singapore. The club fosters a sense of unity among diverse members and offers a safe space to explore dance, build confidence in performing, and create a supportive family-like environment.');
INSERT INTO Club (ClubName, ClubCategoryID, ClubDescription) VALUES ('Dancesport Club', 4, 'We promote Latin Ballroom Dancing as a self-enriching sport to students and staff. Our classes cater to various learning needs, including social and competitive dancing. We offer five genres of Dancesport: Cha Cha, Rumba, Jive, Samba, and Paso Doble. Members have opportunities to participate in tertiary competitions, performances, and showcases, displaying the skills we''ve learned artistically.');
INSERT INTO Club (ClubName, ClubCategoryID, ClubDescription) VALUES ('Just Singers Club', 4, 'Just Singers makes music using only their voices, without any instrumental accompaniment. The club often takes part in competitions, school events, as well as external events when opportunities arise. Besides training with their resident instructor, Ms Cherie Chai who is the first full-time female vocal percussionist (VP) in Singapore, and the music director and resident arranger for award-winning a cappella group, 1023, the club also conducts their own sessions to arrange songs and sing as group or have vocal exchanges with other universities.');
INSERT INTO Club (ClubName, ClubCategoryID, ClubDescription) VALUES ('Muzeka Club', 4, 'Muzeka is an event based student musician community with interests ranging from the rock, pop, metal, R&B and country genres. The club would perform to cover songs in a contemporary band setting for gigs.');
INSERT INTO Club (ClubName, ClubCategoryID, ClubDescription) VALUES ('Pianissimo Club', 4, 'Established in 2021, Pianissimo''s aim was to create an outlet for fellow pianists to band together, free to express their musicality and tunes, while also learning from each other. The club plays repertoire of genres ranging from classical, jazz, K-Pop, J-Rock, Mandopop, etc). Members are always encouraged to experiment and showcase their favourite genres and songs through internal jamming sessions or during their recital.');
INSERT INTO Club (ClubName, ClubCategoryID, ClubDescription) VALUES ('Poco A Poco Club', 4, 'Poco A Poco is a contemporary dance club that was established to encourage people of all background to dance. The club name means “little by little”, which reflects the attitude that they have towards improving together as a club! Cultivating a loving, welcoming and safe community is an important aspect of Poco A Poco. They not only learn but also build strong and lasting bonds with each other. The club has a weekly dance session with their instructor, Joelynn.');
INSERT INTO Club (ClubName, ClubCategoryID, ClubDescription) VALUES ('Recreational Dance Club', 4, 'Our Beginner friendly club will equipped new dancers with the skills needed to freestyle a partnered dance, from leading and following techniques to patterns and musicality. Members are also welcomed to attend the various dance social events across Singapore to network and meet new people.');
INSERT INTO Club (ClubName, ClubCategoryID, ClubDescription) VALUES ('Soul Extreme Club', 4, 'Soul Extreme - Your gateway to Hip-Hop and Popping dance! Explore the vibrant world of freestyle dance with our street dance club, focusing on electrifying genres - Hip-Hop and Popping, creating a mesmerizing blend of self-expression. All skill levels are welcome, and our professional instructors, Luqman (Hip-Hop) and Robin (Popping), will guide you through the fundamentals to build a strong foundation. Embrace creativity and individuality as you find your unique dance style. Gain confidence and self-expression in our supportive environment, where you can share your stories through dance. Showcase your talent in front of live audiences through performances at school events, jam sessions, and local dance competitions. Join us today, whether you aspire to pursue a dance career or simply want to enjoy the rhythm. Let''s groove together and create unforgettable memories at Soul Extreme!');
INSERT INTO Club (ClubName, ClubCategoryID, ClubDescription) VALUES ('Soundbox Club', 4, 'Soundbox was created as a holistic platform for SITizens to gather and learn cajon through fun-filled activities and weekly sessions. To create performance ready pieces that spreads joy and love of music, members are equipped with the necessary skills and techniques.');
INSERT INTO Club (ClubName, ClubCategoryID, ClubDescription) VALUES ('Symphonique Club', 4, 'SIT Symphonique was formed in 2022, by 4 musicians from various musical background. It is a start-up club that provides a platform for band playing, especially those who wishes to continue performing in the band scene after secondary school/junior college. SIT Symphonique have been recruiting and welcoming members to come together to share their passion in music-making.');
INSERT INTO Club (ClubName, ClubCategoryID, ClubDescription) VALUES ('Theartre Club', 4, 'With the community as the focal point, the club aims to provide a platform for conversations and a voice for the voiceless. The club collaborated with Dancesport and Vocalist Insight for two different performances during ExpresSIT 2019. The members took up various roles, such as script writing, acting, emceeing, and backstage crew which contributed to the success of the show. The club also hosted a henna workshop conducted by Monica Selva De Roy, who taught participants the basics of henna and how to draw intricate designs. Participants got to explore and design their own henna for themselves as well!');
INSERT INTO Club (ClubName, ClubCategoryID, ClubDescription) VALUES ('Vocalist Insight Club', 4, 'The goal of this club is to provide a platform for students to learn singing techniques and train to be confident performer. Having said that, we also have members who just want to de-stress and sing their hearts out. Members will be able to undergo professional vocal training on alternate weeks with our vocal coach. We performed numerous events in SIT campuses as well as external events such as Punggol Town Hub Groundbreaking Ceremony.');
INSERT INTO Club (ClubName, ClubCategoryID, ClubDescription) VALUES ('Community Service Club', 5, 'At the heart of our club is the belief that each individual has the ability to create meaningful change through their actions. By engaging in various community service initiatives, we strive to address social, environmental, and humanitarian issues that influence our world today. Our members come from diverse backgrounds, with unique talents and perspectives, and united by a shared desire to make a difference.');
INSERT INTO Club (ClubName, ClubCategoryID, ClubDescription) VALUES ('Happinesscalls Club', 5, 'During the Covid-19 Pandemic, greater restrictions and safety risks of being outdoors have left seniors disconnected from the community. We hope to provide means of communication for the seniors to the outside, as well as bridge the intergenerational gap between seniors and youths through technology.');
INSERT INTO Club (ClubName, ClubCategoryID, ClubDescription) VALUES ('Magical Hearts Club', 5, 'Welcome to Magical Hearts, where we use magic to empower our beneficiaries! We are not a performance club whereby we simply show off our magic. Rather, we believe that magic can do so much more than that - it''s a skill that we can share with our beneficiaries which makes the volunteering journey more fulfilling and memorable too!');
INSERT INTO Club (ClubName, ClubCategoryID, ClubDescription) VALUES ('Project IncluSGive Club', 5, 'Project IncluSGive was established in 2019 with a vision to be a catalyst for inclusivity in society, and a mission to create a compassionate society that embraces differences through community engagements. We focus on both advocacy work and events for persons with disabilities (PwDs) and their caregivers. Having the heart to serve is the core of our work at Project IncluSGive!');
INSERT INTO Club (ClubName, ClubCategoryID, ClubDescription) VALUES ('Project YOUth Club', 5, 'Project YOUth has partnered with Calvary Community Care (C3) in supporting the growth of young individuals aged 13 to 17 years old. Our members are devoted to inspiring these youths to embrace their full potential and strive for success with unwavering passion. Our approach centers on cultivating genuine friendships and providing valuable guidance, which fosters an environment where the youths can flourish and make a positive impact on their lives.');
INSERT INTO Club (ClubName, ClubCategoryID, ClubDescription) VALUES ('Rotaract Club', 5, 'We are affiliated with the Rotary Club of Bugis Junction (RCBJ), which provides us with extensive support and advice, as well as exposure to various professionals in the industries. As the Rotaract Club exists in various institutions and in the community, we also have the opportunity to attend events outside of our own club and to make friends from all over Singapore.');
INSERT INTO Club (ClubName, ClubCategoryID, ClubDescription) VALUES ('SITIntegrates Club', 5, 'SIT Integrates is a service-learning project that organizes initiatives involving and connecting with Migrant Workers. We are blessed to be living in a country with world-class infrastructure and with wide array of facilities for us to enjoy. However, our migrant brothers'' hard work is often overlooked, along with their struggles with harsh living and working environments. Since we started in late 2020, our events have always been organized from our motivation of making Singapore a Second Home for Migrant Workers!');
INSERT INTO Club (ClubName, ClubCategoryID, ClubDescription) VALUES ('Well-thy Minds Project Club', 5, 'Our mission is to create a safe and inclusive space for conversations about mental health, with the ultimate goal of fostering a healthier and more supportive community. However, mental health is often surrounded by misconceptions and stigmatization, preventing individuals from seeking help or openly discussing their experiences. Well-thy Minds aims to change that by increasing awareness and understanding; thus, building a society where everyone feels comfortable discussing mental health without fear or judgment.');
INSERT INTO Club (ClubName, ClubCategoryID, ClubDescription) VALUES ('Havard Business School Club', 2, 'HBS alumni''s leadership and professional background to create a meaningful mentorship experience for SIT students since 2015. This programme seeks to provide meaningful mentoring experience focused on the personal and professional development of students in SIT. The mentoring topics include personal discovery, communication and many more!');
INSERT INTO Club (ClubName, ClubCategoryID, ClubDescription) VALUES ('SITizen Ambassadors Club', 2, 'cadre of outstanding students who exemplify the SITizen-DNA. They are strategic members, representing SIT and co-creating its future as a reputable university of Applied Learning.These students embody a shared passion for SIT''s vision and mission as a university of Applied Learning and are committed to creating positive impact through serving the larger SIT community.');
INSERT INTO Club (ClubName, ClubCategoryID, ClubDescription) VALUES ('Vanguards Club', 2, 'Vanguards are Student Leaders who have dedicated an additional year of service to mentor and guide first-year student leaders. Vanguards lend their experience and guidance, helping to co-facilitate the Future Ready Leadership Programme for their juniors. To equip them for this responsibility, Vanguards receive additional training that is focused on enhancing their leadership skills, translating their relevant experience into valuable insights for their peers.');
INSERT INTO Club (ClubName, ClubCategoryID, ClubDescription) VALUES ('Action for Environmental Conservation', 7, 'Action for Environmental Conservation (AEC) aims to improve environmental conservation in SIT, through targeting issues like carbon emissions, waste and biodiversity!');
INSERT INTO Club (ClubName, ClubCategoryID, ClubDescription) VALUES ('Astronomers', 7, 'Discover the cosmos with the SIT Astronomers club! We''re a group of starry-eyed enthusiasts who love exploring the mysteries of the universe. Join us for stargazing, workshops, and a welcoming community that shares a passion for all things celestial. Explore the wonders of the night sky with us today!');
INSERT INTO Club (ClubName, ClubCategoryID, ClubDescription) VALUES ('Building Information Modelling Club', 7, 'Unlock the future of architecture and construction with the Building Information Modelling (BIM) Club! We are your gateway to a cutting-edge world where digital technology meets architectural innovation.');
INSERT INTO Club (ClubName, ClubCategoryID, ClubDescription) VALUES ('SIT-CD Lionhearters', 7, 'Empowering students to be First Responders
First Aid Coverage and Community Events');
INSERT INTO Club (ClubName, ClubCategoryID, ClubDescription) VALUES ('Debate Club', 7, 'Empowering the next generation of debaters 😎');
INSERT INTO Club (ClubName, ClubCategoryID, ClubDescription) VALUES ('D&I Advocates', 7, 'We are a student group that advocates for inclusivity & community wellness');
INSERT INTO Club (ClubName, ClubCategoryID, ClubDescription) VALUES ('Foodie Connect', 7, 'Indulge your taste buds and embark on a culinary adventure like no other with SIT Foodie Connect. If you''re passionate about food, flavors, and the joy of sharing great meals with others, you''ve found your gastronomic haven.');
INSERT INTO Club (ClubName, ClubCategoryID, ClubDescription) VALUES ('Gamers'' Guild', 7, 'Welcome to a realm where virtual adventures, strategic conquests, and epic battles come to life. The SIT Gamers'' Guild is your portal to a world of gaming excitement and camaraderie.');
INSERT INTO Club (ClubName, ClubCategoryID, ClubDescription) VALUES ('Geeks', 7, 'A community of tech enthusiasts @singaporetech dedicated to learning and growing together!');
INSERT INTO Club (ClubName, ClubCategoryID, ClubDescription) VALUES ('Indian Cultural Club', 7, 'Create a Community within SIT centred around Pillars of Indian Culture');
INSERT INTO Club (ClubName, ClubCategoryID, ClubDescription) VALUES ('International Students Network', 7, 'Embark on a global journey of cultural exchange, friendship, and support with the International Students Network. We''re your connection to a world of diverse experiences, perspectives, and lifelong connections');
INSERT INTO Club (ClubName, ClubCategoryID, ClubDescription) VALUES ('Investment & Commerce Club', 7, 'Unlock the world of finance, investments, and commerce with the Investment & Commerce Club. If you''re interested in learning about money management, financial markets, and business strategies, you''ve found your home.');
INSERT INTO Club (ClubName, ClubCategoryID, ClubDescription) VALUES ('Japanese Club', 7, 'Konnichiwa! Welcome to the Japanese Club, where the beauty of Japan''s rich culture, language, and traditions come to life. Whether you''re a dedicated Japanophile or just curious about this fascinating country, you''ve found a home here.');
INSERT INTO Club (ClubName, ClubCategoryID, ClubDescription) VALUES ('Motorcycle Club', 7, 'Let''s hit the road, create memories, and experience the freedom of the ride together!');
INSERT INTO Club (ClubName, ClubCategoryID, ClubDescription) VALUES ('Public Speaking', 7, 'Unleash the power of your voice and conquer the art of effective communication with the Public Speaking Club. Whether you''re an experienced or aspiring speaker, we''re here to help you refine your skills and find your voice.');
INSERT INTO Club (ClubName, ClubCategoryID, ClubDescription) VALUES ('Reading', 7, 'Open the door to new worlds, ideas, and endless adventures with the Reading Club. If you have a love for literature, an appetite for knowledge, or a passion for storytelling, you''ve found your haven among fellow bookworms.');
INSERT INTO Club (ClubName, ClubCategoryID, ClubDescription) VALUES ('Scuba Diving', 7, 'Dive into a world of wonder beneath the waves with the Scuba Diving Club. Whether you''re an experienced diver or a complete novice eager to explore the depths of the ocean, we''re your gateway to underwater adventure and marine discovery.');
INSERT INTO Club (ClubName, ClubCategoryID, ClubDescription) VALUES ('Sign Language', 7, '“Speak with your ✋🏻, Listen with your 👀”');
INSERT INTO Club (ClubName, ClubCategoryID, ClubDescription) VALUES ('SITourism', 7, 'SITourism aims to connect, expose and involve aspiring students for their future.');
INSERT INTO Club (ClubName, ClubCategoryID, ClubDescription) VALUES ('Social Entrepreneur Club', 7, 'The go-to resource for SIT students to learn more about entrpreneurship and social impact.');
INSERT INTO Club (ClubName, ClubCategoryID, ClubDescription) VALUES ('WAU! Malay Cultural Society', 7, 'Selamat datang (Welcome) to the WAU! Malay Cultural Society, where the rich tapestry of Malay culture, traditions, and heritage comes alive. Join us on a captivating journey through the heart of Malaysia and the Malay world.');
INSERT INTO Club (ClubName, ClubCategoryID, ClubDescription) VALUES ('Whiskurs', 7, 'An animal welfare and awareness initiative');
INSERT INTO Club (ClubName, ClubCategoryID, ClubDescription) VALUES ('ISACA Student Chapter', 6, 'A student group of Singapore Institute of Technology (SIT) with ISACA Singapore.');
INSERT INTO Club (ClubName, ClubCategoryID, ClubDescription) VALUES ('IES-SIT Student Chapter', 6, 'The principal objective of Student Chapters is to enhance the student''s professional development in the degree programme that they are pursuing and build a network with industry professionals.');
INSERT INTO Club (ClubName, ClubCategoryID, ClubDescription) VALUES ('SIT-UofG IMechE Student Chapter', 6, 'Improving the world through Engineering  🌏⚙️
Stay tuned for updates of future IMechE events!');
INSERT INTO Club (ClubName, ClubCategoryID, ClubDescription) VALUES ('N0H4Ts Chapter', 6, 'A legion of InfoSec enthusiasts dedicated to empower youths to take up arms against emerging cyber threats!');
INSERT INTO Club (ClubName, ClubCategoryID, ClubDescription) VALUES ('PCMA Student Chapter', 6, 'SIT Student Chapter of Professional Convention Management Association (PCMA)');
INSERT INTO Club (ClubName, ClubCategoryID, ClubDescription) VALUES ('Society Of Women Engineers', 6, '✨Our aim is to empower women to achieve their fullest potential in STEM while demonstrating diversity & inclusion');
INSERT INTO Club (ClubName, ClubCategoryID, ClubDescription) VALUES ('Accountancy SMC', 1, 'Accountancy Student Management Committee');
INSERT INTO Club (ClubName, ClubCategoryID, ClubDescription) VALUES ('Air Transport Management SMC', 1, 'Air Transport Management Student Management Committee');
INSERT INTO Club (ClubName, ClubCategoryID, ClubDescription) VALUES ('CIA CHEF SG', 1, 'Culinary Institute of America Student Management Committee');
INSERT INTO Club (ClubName, ClubCategoryID, ClubDescription) VALUES ('DCIM SMC', 1, 'Digital Communications and Integrated Media Student Management Committee');
INSERT INTO Club (ClubName, ClubCategoryID, ClubDescription) VALUES ('HB SMC', 1, 'Hospitality Business Student Management Committee');
INSERT INTO Club (ClubName, ClubCategoryID, ClubDescription) VALUES ('AE SMC', 1, 'Aerospace Engineering Student Management Committee');
INSERT INTO Club (ClubName, ClubCategoryID, ClubDescription) VALUES ('ASE SMC', 1, 'Aircraft Systems Engineering Student Management Committee');
INSERT INTO Club (ClubName, ClubCategoryID, ClubDescription) VALUES ('ME SMC', 1, 'Mechanical Engineering Student Management Committee');
INSERT INTO Club (ClubName, ClubCategoryID, ClubDescription) VALUES ('UofG CVE SM', 1, 'Civil Engineering Student Management Committee');
INSERT INTO Club (ClubName, ClubCategoryID, ClubDescription) VALUES ('TUM EDE SMC', 1, 'Electronics and Data Engineering Student Management Committee');
INSERT INTO Club (ClubName, ClubCategoryID, ClubDescription) VALUES ('EPE SMC', 1, 'Electrical Power Engineering Student Management Committee');
INSERT INTO Club (ClubName, ClubCategoryID, ClubDescription) VALUES ('NAME SMC', 1, 'Naval Architecture and Marine Engineering Student Management Committee');
INSERT INTO Club (ClubName, ClubCategoryID, ClubDescription) VALUES ('MDME SMC', 1, 'Mechanical Design & Manufacturing Engineering Student Management Committee');
INSERT INTO Club (ClubName, ClubCategoryID, ClubDescription) VALUES ('RSE SMC', 1, 'Robotics Systems Student Management Committee');
INSERT INTO Club (ClubName, ClubCategoryID, ClubDescription) VALUES ('SIE SMC', 1, 'BEng (Hons) SIE (Land), SIE (Building Services), ESE, and SBE Student Management Committee');
INSERT INTO Club (ClubName, ClubCategoryID, ClubDescription) VALUES ('METS SMC', 1, 'Mechatronics Systems Student Management Committee');
INSERT INTO Club (ClubName, ClubCategoryID, ClubDescription) VALUES ('CE SMC', 1, 'Chemical Engineering Student Management Committee');
INSERT INTO Club (ClubName, ClubCategoryID, ClubDescription) VALUES ('FT SMC', 1, 'Food Technology Student Management Committee');
INSERT INTO Club (ClubName, ClubCategoryID, ClubDescription) VALUES ('PE SM', 1, 'Pharmaceutical Engineering Student Management Committee');
INSERT INTO Club (ClubName, ClubCategoryID, ClubDescription) VALUES ('DRRT SMC', 1, 'Diagnostic Radiography / Radiation Therapy Student Management Commitee');
INSERT INTO Club (ClubName, ClubCategoryID, ClubDescription) VALUES ('Nursing SMC', 1, 'Nursing Student Management Commitee');
INSERT INTO Club (ClubName, ClubCategoryID, ClubDescription) VALUES ('OT SMC', 1, 'Occupational Therapy Student Management Commitee');
INSERT INTO Club (ClubName, ClubCategoryID, ClubDescription) VALUES ('SLT SMC', 1, 'Speech & Language Therapy Student Management Commitee');
INSERT INTO Club (ClubName, ClubCategoryID, ClubDescription) VALUES ('Physiotherapy SMC', 1, 'Physiotherapy Student Management Commitee');
INSERT INTO Club (ClubName, ClubCategoryID, ClubDescription) VALUES ('DTN SMC', 1, 'Dietetics & Nutrition Student Management Commitee');
INSERT INTO Club (ClubName, ClubCategoryID, ClubDescription) VALUES ('CS SMC', 1, 'Computing Science Student Management Committee');
INSERT INTO Club (ClubName, ClubCategoryID, ClubDescription) VALUES ('DP SMC', 1, 'DigiPen Student Management Committee');
INSERT INTO Club (ClubName, ClubCategoryID, ClubDescription) VALUES ('ICT SMC', 1, 'Information and Communications Technology Student Management Committee');
INSERT INTO Club (ClubName, ClubCategoryID, ClubDescription) VALUES ('CompEng SMC', 1, 'Computer Engineering Student Management Comittee');
INSERT INTO Club (ClubName, ClubCategoryID, ClubDescription) VALUES ('DSC SMC', 1, 'Digital Supply Chain Student Management Comittee');
INSERT INTO Club (ClubName, ClubCategoryID, ClubDescription) VALUES ('AAI SMC', 1, 'Applied Artificial Intelligence Student Management Comittee');
INSERT INTO Club (ClubName, ClubCategoryID, ClubDescription) VALUES ('AC SMC', 1, 'Applied Computing  Student Management Comittee');

INSERT INTO Account (StudentID, Username, Email, FirstName, LastName) VALUES (2200000, 'kaydenbrown', '2200000@sit.singaporetech.edu.sg', 'Kayden', 'Brown');
INSERT INTO Account (StudentID, Username, Email, FirstName, LastName) VALUES (2200001, 'lukemoore', '2200001@sit.singaporetech.edu.sg', 'Luke', 'Moore');
INSERT INTO Account (StudentID, Username, Email, FirstName, LastName) VALUES (2200002, 'evanwilliams', '2200002@sit.singaporetech.edu.sg', 'Evan', 'Williams');
INSERT INTO Account (StudentID, Username, Email, FirstName, LastName) VALUES (2200003, 'lucaszhang', '2200003@sit.singaporetech.edu.sg', 'Lucas', 'Zhang');
INSERT INTO Account (StudentID, Username, Email, FirstName, LastName) VALUES (2200004, 'juliandavis', '2200004@sit.singaporetech.edu.sg', 'Julian', 'Davis');
INSERT INTO Account (StudentID, Username, Email, FirstName, LastName) VALUES (2200005, 'gabrieldavis', '2200005@sit.singaporetech.edu.sg', 'Gabriel', 'Davis');
INSERT INTO Account (StudentID, Username, Email, FirstName, LastName) VALUES (2200006, 'ianlee', '2200006@sit.singaporetech.edu.sg', 'Ian', 'Lee');
INSERT INTO Account (StudentID, Username, Email, FirstName, LastName) VALUES (2200007, 'aidenlee', '2200007@sit.singaporetech.edu.sg', 'Aiden', 'Lee');
INSERT INTO Account (StudentID, Username, Email, FirstName, LastName) VALUES (2200008, 'julianwong', '2200008@sit.singaporetech.edu.sg', 'Julian', 'Wong');
INSERT INTO Account (StudentID, Username, Email, FirstName, LastName) VALUES (2200009, 'julianjohnson', '2200009@sit.singaporetech.edu.sg', 'Julian', 'Johnson');
INSERT INTO Account (StudentID, Username, Email, FirstName, LastName) VALUES (2200010, 'evanhuang', '2200010@sit.singaporetech.edu.sg', 'Evan', 'Huang');
INSERT INTO Account (StudentID, Username, Email, FirstName, LastName) VALUES (2200011, 'matthiasmoore', '2200011@sit.singaporetech.edu.sg', 'Matthias', 'Moore');
INSERT INTO Account (StudentID, Username, Email, FirstName, LastName) VALUES (2200012, 'georgewong', '2200012@sit.singaporetech.edu.sg', 'George', 'Wong');
INSERT INTO Account (StudentID, Username, Email, FirstName, LastName) VALUES (2200013, 'lucasmiller', '2200013@sit.singaporetech.edu.sg', 'Lucas', 'Miller');
INSERT INTO Account (StudentID, Username, Email, FirstName, LastName) VALUES (2200014, 'calebjohnson', '2200014@sit.singaporetech.edu.sg', 'Caleb', 'Johnson');
INSERT INTO Account (StudentID, Username, Email, FirstName, LastName) VALUES (2200015, 'nathanielzhao', '2200015@sit.singaporetech.edu.sg', 'Nathaniel', 'Zhao');
INSERT INTO Account (StudentID, Username, Email, FirstName, LastName) VALUES (2200016, 'joshuamiller', '2200016@sit.singaporetech.edu.sg', 'Joshua', 'Miller');
INSERT INTO Account (StudentID, Username, Email, FirstName, LastName) VALUES (2200017, 'lucassmith', '2200017@sit.singaporetech.edu.sg', 'Lucas', 'Smith');
INSERT INTO Account (StudentID, Username, Email, FirstName, LastName) VALUES (2200018, 'asherwu', '2200018@sit.singaporetech.edu.sg', 'Asher', 'Wu');
INSERT INTO Account (StudentID, Username, Email, FirstName, LastName) VALUES (2200019, 'ianho', '2200019@sit.singaporetech.edu.sg', 'Ian', 'Ho');
INSERT INTO Account (StudentID, Username, Email, FirstName, LastName) VALUES (2200020, 'matthewhuang', '2200020@sit.singaporetech.edu.sg', 'Matthew', 'Huang');
INSERT INTO Account (StudentID, Username, Email, FirstName, LastName) VALUES (2200021, 'kaydenwong', '2200021@sit.singaporetech.edu.sg', 'Kayden', 'Wong');
INSERT INTO Account (StudentID, Username, Email, FirstName, LastName) VALUES (2200022, 'ethanwilliams', '2200022@sit.singaporetech.edu.sg', 'Ethan', 'Williams');
INSERT INTO Account (StudentID, Username, Email, FirstName, LastName) VALUES (2200023, 'julianchen', '2200023@sit.singaporetech.edu.sg', 'Julian', 'Chen');
INSERT INTO Account (StudentID, Username, Email, FirstName, LastName) VALUES (2200024, 'jaydenwu', '2200024@sit.singaporetech.edu.sg', 'Jayden', 'Wu');
INSERT INTO Account (StudentID, Username, Email, FirstName, LastName) VALUES (2200025, 'nathanielwu', '2200025@sit.singaporetech.edu.sg', 'Nathaniel', 'Wu');
INSERT INTO Account (StudentID, Username, Email, FirstName, LastName) VALUES (2200026, 'evanliu', '2200026@sit.singaporetech.edu.sg', 'Evan', 'Liu');
INSERT INTO Account (StudentID, Username, Email, FirstName, LastName) VALUES (2200027, 'adambrown', '2200027@sit.singaporetech.edu.sg', 'Adam', 'Brown');
INSERT INTO Account (StudentID, Username, Email, FirstName, LastName) VALUES (2200028, 'lukewu', '2200028@sit.singaporetech.edu.sg', 'Luke', 'Wu');
INSERT INTO Account (StudentID, Username, Email, FirstName, LastName) VALUES (2200029, 'adamchen', '2200029@sit.singaporetech.edu.sg', 'Adam', 'Chen');
INSERT INTO Account (StudentID, Username, Email, FirstName, LastName) VALUES (2200030, 'nathanielwong', '2200030@sit.singaporetech.edu.sg', 'Nathaniel', 'Wong');
INSERT INTO Account (StudentID, Username, Email, FirstName, LastName) VALUES (2200031, 'julianwilliams', '2200031@sit.singaporetech.edu.sg', 'Julian', 'Williams');
INSERT INTO Account (StudentID, Username, Email, FirstName, LastName) VALUES (2200032, 'georgeliu', '2200032@sit.singaporetech.edu.sg', 'George', 'Liu');
INSERT INTO Account (StudentID, Username, Email, FirstName, LastName) VALUES (2200033, 'adamjohnson', '2200033@sit.singaporetech.edu.sg', 'Adam', 'Johnson');
INSERT INTO Account (StudentID, Username, Email, FirstName, LastName) VALUES (2200034, 'nathanlee', '2200034@sit.singaporetech.edu.sg', 'Nathan', 'Lee');
INSERT INTO Account (StudentID, Username, Email, FirstName, LastName) VALUES (2200035, 'calebtan', '2200035@sit.singaporetech.edu.sg', 'Caleb', 'Tan');
INSERT INTO Account (StudentID, Username, Email, FirstName, LastName) VALUES (2200036, 'matthewyang', '2200036@sit.singaporetech.edu.sg', 'Matthew', 'Yang');
INSERT INTO Account (StudentID, Username, Email, FirstName, LastName) VALUES (2200037, 'isaacjohnson', '2200037@sit.singaporetech.edu.sg', 'Isaac', 'Johnson');
INSERT INTO Account (StudentID, Username, Email, FirstName, LastName) VALUES (2200038, 'matthewjohnson', '2200038@sit.singaporetech.edu.sg', 'Matthew', 'Johnson');
INSERT INTO Account (StudentID, Username, Email, FirstName, LastName) VALUES (2200039, 'adamsmith', '2200039@sit.singaporetech.edu.sg', 'Adam', 'Smith');
INSERT INTO Account (StudentID, Username, Email, FirstName, LastName) VALUES (2200040, 'evanwong', '2200040@sit.singaporetech.edu.sg', 'Evan', 'Wong');
INSERT INTO Account (StudentID, Username, Email, FirstName, LastName) VALUES (2200041, 'julianbrown', '2200041@sit.singaporetech.edu.sg', 'Julian', 'Brown');
INSERT INTO Account (StudentID, Username, Email, FirstName, LastName) VALUES (2200042, 'matthewbrown', '2200042@sit.singaporetech.edu.sg', 'Matthew', 'Brown');
INSERT INTO Account (StudentID, Username, Email, FirstName, LastName) VALUES (2200043, 'aidenliu', '2200043@sit.singaporetech.edu.sg', 'Aiden', 'Liu');
INSERT INTO Account (StudentID, Username, Email, FirstName, LastName) VALUES (2200044, 'matthiaslee', '2200044@sit.singaporetech.edu.sg', 'Matthias', 'Lee');
INSERT INTO Account (StudentID, Username, Email, FirstName, LastName) VALUES (2200045, 'ethanjones', '2200045@sit.singaporetech.edu.sg', 'Ethan', 'Jones');
INSERT INTO Account (StudentID, Username, Email, FirstName, LastName) VALUES (2200046, 'matthiassmith', '2200046@sit.singaporetech.edu.sg', 'Matthias', 'Smith');
INSERT INTO Account (StudentID, Username, Email, FirstName, LastName) VALUES (2200047, 'nathanyang', '2200047@sit.singaporetech.edu.sg', 'Nathan', 'Yang');
INSERT INTO Account (StudentID, Username, Email, FirstName, LastName) VALUES (2200048, 'georgeho', '2200048@sit.singaporetech.edu.sg', 'George', 'Ho');
INSERT INTO Account (StudentID, Username, Email, FirstName, LastName) VALUES (2200049, 'ianchen', '2200049@sit.singaporetech.edu.sg', 'Ian', 'Chen');
INSERT INTO Account (StudentID, Username, Email, FirstName, LastName) VALUES (2200050, 'lukeyang', '2200050@sit.singaporetech.edu.sg', 'Luke', 'Yang');
INSERT INTO Account (StudentID, Username, Email, FirstName, LastName) VALUES (2200051, 'ianbrown', '2200051@sit.singaporetech.edu.sg', 'Ian', 'Brown');
INSERT INTO Account (StudentID, Username, Email, FirstName, LastName) VALUES (2200052, 'jaydensmith', '2200052@sit.singaporetech.edu.sg', 'Jayden', 'Smith');
INSERT INTO Account (StudentID, Username, Email, FirstName, LastName) VALUES (2200053, 'kaydenhuang', '2200053@sit.singaporetech.edu.sg', 'Kayden', 'Huang');
INSERT INTO Account (StudentID, Username, Email, FirstName, LastName) VALUES (2200054, 'lukeliu', '2200054@sit.singaporetech.edu.sg', 'Luke', 'Liu');
INSERT INTO Account (StudentID, Username, Email, FirstName, LastName) VALUES (2200055, 'georgelee', '2200055@sit.singaporetech.edu.sg', 'George', 'Lee');
INSERT INTO Account (StudentID, Username, Email, FirstName, LastName) VALUES (2200056, 'matthiaswu', '2200056@sit.singaporetech.edu.sg', 'Matthias', 'Wu');
INSERT INTO Account (StudentID, Username, Email, FirstName, LastName) VALUES (2200057, 'isaaczhang', '2200057@sit.singaporetech.edu.sg', 'Isaac', 'Zhang');
INSERT INTO Account (StudentID, Username, Email, FirstName, LastName) VALUES (2200058, 'joshuayang', '2200058@sit.singaporetech.edu.sg', 'Joshua', 'Yang');
INSERT INTO Account (StudentID, Username, Email, FirstName, LastName) VALUES (2200059, 'adamjones', '2200059@sit.singaporetech.edu.sg', 'Adam', 'Jones');
INSERT INTO Account (StudentID, Username, Email, FirstName, LastName) VALUES (2200060, 'kaydenmiller', '2200060@sit.singaporetech.edu.sg', 'Kayden', 'Miller');
INSERT INTO Account (StudentID, Username, Email, FirstName, LastName) VALUES (2200061, 'julianhuang', '2200061@sit.singaporetech.edu.sg', 'Julian', 'Huang');
INSERT INTO Account (StudentID, Username, Email, FirstName, LastName) VALUES (2200062, 'matthiasmiller', '2200062@sit.singaporetech.edu.sg', 'Matthias', 'Miller');
INSERT INTO Account (StudentID, Username, Email, FirstName, LastName) VALUES (2200063, 'jaydenmoore', '2200063@sit.singaporetech.edu.sg', 'Jayden', 'Moore');
INSERT INTO Account (StudentID, Username, Email, FirstName, LastName) VALUES (2200064, 'nathanielwilson', '2200064@sit.singaporetech.edu.sg', 'Nathaniel', 'Wilson');
INSERT INTO Account (StudentID, Username, Email, FirstName, LastName) VALUES (2200065, 'ethanchen', '2200065@sit.singaporetech.edu.sg', 'Ethan', 'Chen');
INSERT INTO Account (StudentID, Username, Email, FirstName, LastName) VALUES (2200066, 'lukejones', '2200066@sit.singaporetech.edu.sg', 'Luke', 'Jones');
INSERT INTO Account (StudentID, Username, Email, FirstName, LastName) VALUES (2200067, 'matthiasjohnson', '2200067@sit.singaporetech.edu.sg', 'Matthias', 'Johnson');
INSERT INTO Account (StudentID, Username, Email, FirstName, LastName) VALUES (2200068, 'lukesmith', '2200068@sit.singaporetech.edu.sg', 'Luke', 'Smith');
INSERT INTO Account (StudentID, Username, Email, FirstName, LastName) VALUES (2200069, 'asherchen', '2200069@sit.singaporetech.edu.sg', 'Asher', 'Chen');
INSERT INTO Account (StudentID, Username, Email, FirstName, LastName) VALUES (2200070, 'evandavis', '2200070@sit.singaporetech.edu.sg', 'Evan', 'Davis');
INSERT INTO Account (StudentID, Username, Email, FirstName, LastName) VALUES (2200071, 'nathanmoore', '2200071@sit.singaporetech.edu.sg', 'Nathan', 'Moore');
INSERT INTO Account (StudentID, Username, Email, FirstName, LastName) VALUES (2200072, 'ethanmoore', '2200072@sit.singaporetech.edu.sg', 'Ethan', 'Moore');
INSERT INTO Account (StudentID, Username, Email, FirstName, LastName) VALUES (2200073, 'ethanhuang', '2200073@sit.singaporetech.edu.sg', 'Ethan', 'Huang');
INSERT INTO Account (StudentID, Username, Email, FirstName, LastName) VALUES (2200074, 'julianzhao', '2200074@sit.singaporetech.edu.sg', 'Julian', 'Zhao');
INSERT INTO Account (StudentID, Username, Email, FirstName, LastName) VALUES (2200075, 'matthewwilliams', '2200075@sit.singaporetech.edu.sg', 'Matthew', 'Williams');
INSERT INTO Account (StudentID, Username, Email, FirstName, LastName) VALUES (2200076, 'nathanjohnson', '2200076@sit.singaporetech.edu.sg', 'Nathan', 'Johnson');
INSERT INTO Account (StudentID, Username, Email, FirstName, LastName) VALUES (2200077, 'aidensmith', '2200077@sit.singaporetech.edu.sg', 'Aiden', 'Smith');
INSERT INTO Account (StudentID, Username, Email, FirstName, LastName) VALUES (2200078, 'nathanieljones', '2200078@sit.singaporetech.edu.sg', 'Nathaniel', 'Jones');
INSERT INTO Account (StudentID, Username, Email, FirstName, LastName) VALUES (2200079, 'ianyang', '2200079@sit.singaporetech.edu.sg', 'Ian', 'Yang');
INSERT INTO Account (StudentID, Username, Email, FirstName, LastName) VALUES (2200080, 'adamwong', '2200080@sit.singaporetech.edu.sg', 'Adam', 'Wong');
INSERT INTO Account (StudentID, Username, Email, FirstName, LastName) VALUES (2200081, 'joshuachen', '2200081@sit.singaporetech.edu.sg', 'Joshua', 'Chen');
INSERT INTO Account (StudentID, Username, Email, FirstName, LastName) VALUES (2200082, 'ianmiller', '2200082@sit.singaporetech.edu.sg', 'Ian', 'Miller');
INSERT INTO Account (StudentID, Username, Email, FirstName, LastName) VALUES (2200083, 'nathanielzhang', '2200083@sit.singaporetech.edu.sg', 'Nathaniel', 'Zhang');
INSERT INTO Account (StudentID, Username, Email, FirstName, LastName) VALUES (2200084, 'jaydenliu', '2200084@sit.singaporetech.edu.sg', 'Jayden', 'Liu');
INSERT INTO Account (StudentID, Username, Email, FirstName, LastName) VALUES (2200085, 'iandavis', '2200085@sit.singaporetech.edu.sg', 'Ian', 'Davis');
INSERT INTO Account (StudentID, Username, Email, FirstName, LastName) VALUES (2200086, 'julianmiller', '2200086@sit.singaporetech.edu.sg', 'Julian', 'Miller');
INSERT INTO Account (StudentID, Username, Email, FirstName, LastName) VALUES (2200087, 'georgehuang', '2200087@sit.singaporetech.edu.sg', 'George', 'Huang');
INSERT INTO Account (StudentID, Username, Email, FirstName, LastName) VALUES (2200088, 'evanmiller', '2200088@sit.singaporetech.edu.sg', 'Evan', 'Miller');
INSERT INTO Account (StudentID, Username, Email, FirstName, LastName) VALUES (2200089, 'georgewilliams', '2200089@sit.singaporetech.edu.sg', 'George', 'Williams');
INSERT INTO Account (StudentID, Username, Email, FirstName, LastName) VALUES (2200090, 'calebjones', '2200090@sit.singaporetech.edu.sg', 'Caleb', 'Jones');
INSERT INTO Account (StudentID, Username, Email, FirstName, LastName) VALUES (2200091, 'julianzhang', '2200091@sit.singaporetech.edu.sg', 'Julian', 'Zhang');
INSERT INTO Account (StudentID, Username, Email, FirstName, LastName) VALUES (2200092, 'aidenjones', '2200092@sit.singaporetech.edu.sg', 'Aiden', 'Jones');
INSERT INTO Account (StudentID, Username, Email, FirstName, LastName) VALUES (2200093, 'calebbrown', '2200093@sit.singaporetech.edu.sg', 'Caleb', 'Brown');
INSERT INTO Account (StudentID, Username, Email, FirstName, LastName) VALUES (2200094, 'adamwu', '2200094@sit.singaporetech.edu.sg', 'Adam', 'Wu');
INSERT INTO Account (StudentID, Username, Email, FirstName, LastName) VALUES (2200095, 'kaydenwilson', '2200095@sit.singaporetech.edu.sg', 'Kayden', 'Wilson');
INSERT INTO Account (StudentID, Username, Email, FirstName, LastName) VALUES (2200096, 'aidentan', '2200096@sit.singaporetech.edu.sg', 'Aiden', 'Tan');
INSERT INTO Account (StudentID, Username, Email, FirstName, LastName) VALUES (2200097, 'georgeyang', '2200097@sit.singaporetech.edu.sg', 'George', 'Yang');
INSERT INTO Account (StudentID, Username, Email, FirstName, LastName) VALUES (2200098, 'evanjohnson', '2200098@sit.singaporetech.edu.sg', 'Evan', 'Johnson');
INSERT INTO Account (StudentID, Username, Email, FirstName, LastName) VALUES (2200099, 'ianhuang', '2200099@sit.singaporetech.edu.sg', 'Ian', 'Huang');
INSERT INTO Account (StudentID, Username, Email, FirstName, LastName) VALUES (2200100, 'matthiaswilson', '2200100@sit.singaporetech.edu.sg', 'Matthias', 'Wilson');
INSERT INTO Account (StudentID, Username, Email, FirstName, LastName) VALUES (2200101, 'aidenwilson', '2200101@sit.singaporetech.edu.sg', 'Aiden', 'Wilson');
INSERT INTO Account (StudentID, Username, Email, FirstName, LastName) VALUES (2200102, 'asherzhao', '2200102@sit.singaporetech.edu.sg', 'Asher', 'Zhao');
INSERT INTO Account (StudentID, Username, Email, FirstName, LastName) VALUES (2200103, 'aidenwilliams', '2200103@sit.singaporetech.edu.sg', 'Aiden', 'Williams');
INSERT INTO Account (StudentID, Username, Email, FirstName, LastName) VALUES (2200104, 'gabrieljohnson', '2200104@sit.singaporetech.edu.sg', 'Gabriel', 'Johnson');
INSERT INTO Account (StudentID, Username, Email, FirstName, LastName) VALUES (2200105, 'juliansmith', '2200105@sit.singaporetech.edu.sg', 'Julian', 'Smith');
INSERT INTO Account (StudentID, Username, Email, FirstName, LastName) VALUES (2200106, 'adamho', '2200106@sit.singaporetech.edu.sg', 'Adam', 'Ho');
INSERT INTO Account (StudentID, Username, Email, FirstName, LastName) VALUES (2200107, 'joshuawong', '2200107@sit.singaporetech.edu.sg', 'Joshua', 'Wong');
INSERT INTO Account (StudentID, Username, Email, FirstName, LastName) VALUES (2200108, 'joshuaho', '2200108@sit.singaporetech.edu.sg', 'Joshua', 'Ho');
INSERT INTO Account (StudentID, Username, Email, FirstName, LastName) VALUES (2200109, 'aidenhuang', '2200109@sit.singaporetech.edu.sg', 'Aiden', 'Huang');
INSERT INTO Account (StudentID, Username, Email, FirstName, LastName) VALUES (2200110, 'asheryang', '2200110@sit.singaporetech.edu.sg', 'Asher', 'Yang');
INSERT INTO Account (StudentID, Username, Email, FirstName, LastName) VALUES (2200111, 'caleblee', '2200111@sit.singaporetech.edu.sg', 'Caleb', 'Lee');
INSERT INTO Account (StudentID, Username, Email, FirstName, LastName) VALUES (2200112, 'nathanhuang', '2200112@sit.singaporetech.edu.sg', 'Nathan', 'Huang');
INSERT INTO Account (StudentID, Username, Email, FirstName, LastName) VALUES (2200113, 'isaacdavis', '2200113@sit.singaporetech.edu.sg', 'Isaac', 'Davis');
INSERT INTO Account (StudentID, Username, Email, FirstName, LastName) VALUES (2200114, 'asherhuang', '2200114@sit.singaporetech.edu.sg', 'Asher', 'Huang');
INSERT INTO Account (StudentID, Username, Email, FirstName, LastName) VALUES (2200115, 'ianzhang', '2200115@sit.singaporetech.edu.sg', 'Ian', 'Zhang');
INSERT INTO Account (StudentID, Username, Email, FirstName, LastName) VALUES (2200116, 'nathanwong', '2200116@sit.singaporetech.edu.sg', 'Nathan', 'Wong');
INSERT INTO Account (StudentID, Username, Email, FirstName, LastName) VALUES (2200117, 'nathanielmoore', '2200117@sit.singaporetech.edu.sg', 'Nathaniel', 'Moore');
INSERT INTO Account (StudentID, Username, Email, FirstName, LastName) VALUES (2200118, 'kaydenwilliams', '2200118@sit.singaporetech.edu.sg', 'Kayden', 'Williams');
INSERT INTO Account (StudentID, Username, Email, FirstName, LastName) VALUES (2200119, 'joshuawilson', '2200119@sit.singaporetech.edu.sg', 'Joshua', 'Wilson');
INSERT INTO Account (StudentID, Username, Email, FirstName, LastName) VALUES (2200120, 'calebhuang', '2200120@sit.singaporetech.edu.sg', 'Caleb', 'Huang');
INSERT INTO Account (StudentID, Username, Email, FirstName, LastName) VALUES (2200121, 'isaacho', '2200121@sit.singaporetech.edu.sg', 'Isaac', 'Ho');
INSERT INTO Account (StudentID, Username, Email, FirstName, LastName) VALUES (2200122, 'evansmith', '2200122@sit.singaporetech.edu.sg', 'Evan', 'Smith');
INSERT INTO Account (StudentID, Username, Email, FirstName, LastName) VALUES (2200123, 'nathanieljohnson', '2200123@sit.singaporetech.edu.sg', 'Nathaniel', 'Johnson');
INSERT INTO Account (StudentID, Username, Email, FirstName, LastName) VALUES (2200124, 'nathanbrown', '2200124@sit.singaporetech.edu.sg', 'Nathan', 'Brown');
INSERT INTO Account (StudentID, Username, Email, FirstName, LastName) VALUES (2200125, 'ethanjohnson', '2200125@sit.singaporetech.edu.sg', 'Ethan', 'Johnson');
INSERT INTO Account (StudentID, Username, Email, FirstName, LastName) VALUES (2200126, 'isaacmoore', '2200126@sit.singaporetech.edu.sg', 'Isaac', 'Moore');
INSERT INTO Account (StudentID, Username, Email, FirstName, LastName) VALUES (2200127, 'lukechen', '2200127@sit.singaporetech.edu.sg', 'Luke', 'Chen');
INSERT INTO Account (StudentID, Username, Email, FirstName, LastName) VALUES (2200128, 'adamtan', '2200128@sit.singaporetech.edu.sg', 'Adam', 'Tan');
INSERT INTO Account (StudentID, Username, Email, FirstName, LastName) VALUES (2200129, 'kaydensmith', '2200129@sit.singaporetech.edu.sg', 'Kayden', 'Smith');
INSERT INTO Account (StudentID, Username, Email, FirstName, LastName) VALUES (2200130, 'evanmoore', '2200130@sit.singaporetech.edu.sg', 'Evan', 'Moore');
INSERT INTO Account (StudentID, Username, Email, FirstName, LastName) VALUES (2200131, 'jaydenbrown', '2200131@sit.singaporetech.edu.sg', 'Jayden', 'Brown');
INSERT INTO Account (StudentID, Username, Email, FirstName, LastName) VALUES (2200132, 'julianmoore', '2200132@sit.singaporetech.edu.sg', 'Julian', 'Moore');
INSERT INTO Account (StudentID, Username, Email, FirstName, LastName) VALUES (2200133, 'asherjohnson', '2200133@sit.singaporetech.edu.sg', 'Asher', 'Johnson');
INSERT INTO Account (StudentID, Username, Email, FirstName, LastName) VALUES (2200134, 'isaacwu', '2200134@sit.singaporetech.edu.sg', 'Isaac', 'Wu');
INSERT INTO Account (StudentID, Username, Email, FirstName, LastName) VALUES (2200135, 'matthiasbrown', '2200135@sit.singaporetech.edu.sg', 'Matthias', 'Brown');
INSERT INTO Account (StudentID, Username, Email, FirstName, LastName) VALUES (2200136, 'kaydenho', '2200136@sit.singaporetech.edu.sg', 'Kayden', 'Ho');
INSERT INTO Account (StudentID, Username, Email, FirstName, LastName) VALUES (2200137, 'ethanlee', '2200137@sit.singaporetech.edu.sg', 'Ethan', 'Lee');
INSERT INTO Account (StudentID, Username, Email, FirstName, LastName) VALUES (2200138, 'isaacwilliams', '2200138@sit.singaporetech.edu.sg', 'Isaac', 'Williams');
INSERT INTO Account (StudentID, Username, Email, FirstName, LastName) VALUES (2200139, 'asherwilson', '2200139@sit.singaporetech.edu.sg', 'Asher', 'Wilson');
INSERT INTO Account (StudentID, Username, Email, FirstName, LastName) VALUES (2200140, 'matthewchen', '2200140@sit.singaporetech.edu.sg', 'Matthew', 'Chen');
INSERT INTO Account (StudentID, Username, Email, FirstName, LastName) VALUES (2200141, 'lukewilliams', '2200141@sit.singaporetech.edu.sg', 'Luke', 'Williams');
INSERT INTO Account (StudentID, Username, Email, FirstName, LastName) VALUES (2200142, 'gabrielzhao', '2200142@sit.singaporetech.edu.sg', 'Gabriel', 'Zhao');
INSERT INTO Account (StudentID, Username, Email, FirstName, LastName) VALUES (2200143, 'matthewlee', '2200143@sit.singaporetech.edu.sg', 'Matthew', 'Lee');
INSERT INTO Account (StudentID, Username, Email, FirstName, LastName) VALUES (2200144, 'nathanielwilliams', '2200144@sit.singaporetech.edu.sg', 'Nathaniel', 'Williams');
INSERT INTO Account (StudentID, Username, Email, FirstName, LastName) VALUES (2200145, 'jaydenwilson', '2200145@sit.singaporetech.edu.sg', 'Jayden', 'Wilson');
INSERT INTO Account (StudentID, Username, Email, FirstName, LastName) VALUES (2200146, 'lucasmoore', '2200146@sit.singaporetech.edu.sg', 'Lucas', 'Moore');
INSERT INTO Account (StudentID, Username, Email, FirstName, LastName) VALUES (2200147, 'jaydenhuang', '2200147@sit.singaporetech.edu.sg', 'Jayden', 'Huang');
INSERT INTO Account (StudentID, Username, Email, FirstName, LastName) VALUES (2200148, 'kaydenchen', '2200148@sit.singaporetech.edu.sg', 'Kayden', 'Chen');
INSERT INTO Account (StudentID, Username, Email, FirstName, LastName) VALUES (2200149, 'joshuajones', '2200149@sit.singaporetech.edu.sg', 'Joshua', 'Jones');
INSERT INTO Account (StudentID, Username, Email, FirstName, LastName) VALUES (2200150, 'ashermiller', '2200150@sit.singaporetech.edu.sg', 'Asher', 'Miller');
INSERT INTO Account (StudentID, Username, Email, FirstName, LastName) VALUES (2200151, 'lucaswilson', '2200151@sit.singaporetech.edu.sg', 'Lucas', 'Wilson');
INSERT INTO Account (StudentID, Username, Email, FirstName, LastName) VALUES (2200152, 'nathanielho', '2200152@sit.singaporetech.edu.sg', 'Nathaniel', 'Ho');
INSERT INTO Account (StudentID, Username, Email, FirstName, LastName) VALUES (2200153, 'aidenwong', '2200153@sit.singaporetech.edu.sg', 'Aiden', 'Wong');
INSERT INTO Account (StudentID, Username, Email, FirstName, LastName) VALUES (2200154, 'asherho', '2200154@sit.singaporetech.edu.sg', 'Asher', 'Ho');
INSERT INTO Account (StudentID, Username, Email, FirstName, LastName) VALUES (2200155, 'gabrielwilliams', '2200155@sit.singaporetech.edu.sg', 'Gabriel', 'Williams');
INSERT INTO Account (StudentID, Username, Email, FirstName, LastName) VALUES (2200156, 'kaydenmoore', '2200156@sit.singaporetech.edu.sg', 'Kayden', 'Moore');
INSERT INTO Account (StudentID, Username, Email, FirstName, LastName) VALUES (2200157, 'lukedavis', '2200157@sit.singaporetech.edu.sg', 'Luke', 'Davis');
INSERT INTO Account (StudentID, Username, Email, FirstName, LastName) VALUES (2200158, 'calebwong', '2200158@sit.singaporetech.edu.sg', 'Caleb', 'Wong');
INSERT INTO Account (StudentID, Username, Email, FirstName, LastName) VALUES (2200159, 'joshuawilliams', '2200159@sit.singaporetech.edu.sg', 'Joshua', 'Williams');
INSERT INTO Account (StudentID, Username, Email, FirstName, LastName) VALUES (2200160, 'nathanielsmith', '2200160@sit.singaporetech.edu.sg', 'Nathaniel', 'Smith');
INSERT INTO Account (StudentID, Username, Email, FirstName, LastName) VALUES (2200161, 'evanbrown', '2200161@sit.singaporetech.edu.sg', 'Evan', 'Brown');
INSERT INTO Account (StudentID, Username, Email, FirstName, LastName) VALUES (2200162, 'nathanwilson', '2200162@sit.singaporetech.edu.sg', 'Nathan', 'Wilson');
INSERT INTO Account (StudentID, Username, Email, FirstName, LastName) VALUES (2200163, 'asherlee', '2200163@sit.singaporetech.edu.sg', 'Asher', 'Lee');
INSERT INTO Account (StudentID, Username, Email, FirstName, LastName) VALUES (2200164, 'matthewdavis', '2200164@sit.singaporetech.edu.sg', 'Matthew', 'Davis');
INSERT INTO Account (StudentID, Username, Email, FirstName, LastName) VALUES (2200165, 'matthewsmith', '2200165@sit.singaporetech.edu.sg', 'Matthew', 'Smith');
INSERT INTO Account (StudentID, Username, Email, FirstName, LastName) VALUES (2200166, 'nathanliu', '2200166@sit.singaporetech.edu.sg', 'Nathan', 'Liu');
INSERT INTO Account (StudentID, Username, Email, FirstName, LastName) VALUES (2200167, 'adamwilliams', '2200167@sit.singaporetech.edu.sg', 'Adam', 'Williams');
INSERT INTO Account (StudentID, Username, Email, FirstName, LastName) VALUES (2200168, 'nathanzhao', '2200168@sit.singaporetech.edu.sg', 'Nathan', 'Zhao');
INSERT INTO Account (StudentID, Username, Email, FirstName, LastName) VALUES (2200169, 'adammoore', '2200169@sit.singaporetech.edu.sg', 'Adam', 'Moore');
INSERT INTO Account (StudentID, Username, Email, FirstName, LastName) VALUES (2200170, 'joshuawu', '2200170@sit.singaporetech.edu.sg', 'Joshua', 'Wu');
INSERT INTO Account (StudentID, Username, Email, FirstName, LastName) VALUES (2200171, 'nathanielhuang', '2200171@sit.singaporetech.edu.sg', 'Nathaniel', 'Huang');
INSERT INTO Account (StudentID, Username, Email, FirstName, LastName) VALUES (2200172, 'aidendavis', '2200172@sit.singaporetech.edu.sg', 'Aiden', 'Davis');
INSERT INTO Account (StudentID, Username, Email, FirstName, LastName) VALUES (2200173, 'georgezhao', '2200173@sit.singaporetech.edu.sg', 'George', 'Zhao');
INSERT INTO Account (StudentID, Username, Email, FirstName, LastName) VALUES (2200174, 'joshuahuang', '2200174@sit.singaporetech.edu.sg', 'Joshua', 'Huang');
INSERT INTO Account (StudentID, Username, Email, FirstName, LastName) VALUES (2200175, 'julianwu', '2200175@sit.singaporetech.edu.sg', 'Julian', 'Wu');
INSERT INTO Account (StudentID, Username, Email, FirstName, LastName) VALUES (2200176, 'calebwilson', '2200176@sit.singaporetech.edu.sg', 'Caleb', 'Wilson');
INSERT INTO Account (StudentID, Username, Email, FirstName, LastName) VALUES (2200177, 'isaactan', '2200177@sit.singaporetech.edu.sg', 'Isaac', 'Tan');
INSERT INTO Account (StudentID, Username, Email, FirstName, LastName) VALUES (2200178, 'kaydenliu', '2200178@sit.singaporetech.edu.sg', 'Kayden', 'Liu');
INSERT INTO Account (StudentID, Username, Email, FirstName, LastName) VALUES (2200179, 'adammiller', '2200179@sit.singaporetech.edu.sg', 'Adam', 'Miller');
INSERT INTO Account (StudentID, Username, Email, FirstName, LastName) VALUES (2200180, 'isaachuang', '2200180@sit.singaporetech.edu.sg', 'Isaac', 'Huang');
INSERT INTO Account (StudentID, Username, Email, FirstName, LastName) VALUES (2200181, 'lucasbrown', '2200181@sit.singaporetech.edu.sg', 'Lucas', 'Brown');
INSERT INTO Account (StudentID, Username, Email, FirstName, LastName) VALUES (2200182, 'calebwilliams', '2200182@sit.singaporetech.edu.sg', 'Caleb', 'Williams');
INSERT INTO Account (StudentID, Username, Email, FirstName, LastName) VALUES (2200183, 'calebzhang', '2200183@sit.singaporetech.edu.sg', 'Caleb', 'Zhang');
INSERT INTO Account (StudentID, Username, Email, FirstName, LastName) VALUES (2200184, 'lukehuang', '2200184@sit.singaporetech.edu.sg', 'Luke', 'Huang');
INSERT INTO Account (StudentID, Username, Email, FirstName, LastName) VALUES (2200185, 'gabrielmiller', '2200185@sit.singaporetech.edu.sg', 'Gabriel', 'Miller');
INSERT INTO Account (StudentID, Username, Email, FirstName, LastName) VALUES (2200186, 'lucasyang', '2200186@sit.singaporetech.edu.sg', 'Lucas', 'Yang');
INSERT INTO Account (StudentID, Username, Email, FirstName, LastName) VALUES (2200187, 'aidenjohnson', '2200187@sit.singaporetech.edu.sg', 'Aiden', 'Johnson');
INSERT INTO Account (StudentID, Username, Email, FirstName, LastName) VALUES (2200188, 'matthewwilson', '2200188@sit.singaporetech.edu.sg', 'Matthew', 'Wilson');
INSERT INTO Account (StudentID, Username, Email, FirstName, LastName) VALUES (2200189, 'isaaczhao', '2200189@sit.singaporetech.edu.sg', 'Isaac', 'Zhao');
INSERT INTO Account (StudentID, Username, Email, FirstName, LastName) VALUES (2200190, 'evanjones', '2200190@sit.singaporetech.edu.sg', 'Evan', 'Jones');
INSERT INTO Account (StudentID, Username, Email, FirstName, LastName) VALUES (2200191, 'gabrielyang', '2200191@sit.singaporetech.edu.sg', 'Gabriel', 'Yang');
INSERT INTO Account (StudentID, Username, Email, FirstName, LastName) VALUES (2200192, 'lucasdavis', '2200192@sit.singaporetech.edu.sg', 'Lucas', 'Davis');
INSERT INTO Account (StudentID, Username, Email, FirstName, LastName) VALUES (2200193, 'ianzhao', '2200193@sit.singaporetech.edu.sg', 'Ian', 'Zhao');
INSERT INTO Account (StudentID, Username, Email, FirstName, LastName) VALUES (2200194, 'julianwilson', '2200194@sit.singaporetech.edu.sg', 'Julian', 'Wilson');
INSERT INTO Account (StudentID, Username, Email, FirstName, LastName) VALUES (2200195, 'isaacchen', '2200195@sit.singaporetech.edu.sg', 'Isaac', 'Chen');
INSERT INTO Account (StudentID, Username, Email, FirstName, LastName) VALUES (2200196, 'evanzhao', '2200196@sit.singaporetech.edu.sg', 'Evan', 'Zhao');
INSERT INTO Account (StudentID, Username, Email, FirstName, LastName) VALUES (2200197, 'georgemiller', '2200197@sit.singaporetech.edu.sg', 'George', 'Miller');
INSERT INTO Account (StudentID, Username, Email, FirstName, LastName) VALUES (2200198, 'calebzhao', '2200198@sit.singaporetech.edu.sg', 'Caleb', 'Zhao');
INSERT INTO Account (StudentID, Username, Email, FirstName, LastName) VALUES (2200199, 'gabrieltan', '2200199@sit.singaporetech.edu.sg', 'Gabriel', 'Tan');

INSERT INTO ClubMember (ClubID, StudentID, AccountTypeID) VALUES (1, 2200058, 1);
INSERT INTO ClubMember (ClubID, StudentID, AccountTypeID) VALUES (1, 2200067, 1);
INSERT INTO ClubMember (ClubID, StudentID, AccountTypeID) VALUES (1, 2200189, 2);
INSERT INTO ClubMember (ClubID, StudentID, AccountTypeID) VALUES (2, 2200020, 2);
INSERT INTO ClubMember (ClubID, StudentID, AccountTypeID) VALUES (2, 2200036, 2);
INSERT INTO ClubMember (ClubID, StudentID, AccountTypeID) VALUES (2, 2200062, 2);
INSERT INTO ClubMember (ClubID, StudentID, AccountTypeID) VALUES (2, 2200074, 1);
INSERT INTO ClubMember (ClubID, StudentID, AccountTypeID) VALUES (2, 2200088, 2);
INSERT INTO ClubMember (ClubID, StudentID, AccountTypeID) VALUES (3, 2200002, 2);
INSERT INTO ClubMember (ClubID, StudentID, AccountTypeID) VALUES (3, 2200028, 2);
INSERT INTO ClubMember (ClubID, StudentID, AccountTypeID) VALUES (3, 2200052, 1);
INSERT INTO ClubMember (ClubID, StudentID, AccountTypeID) VALUES (3, 2200087, 1);
INSERT INTO ClubMember (ClubID, StudentID, AccountTypeID) VALUES (3, 2200114, 2);
INSERT INTO ClubMember (ClubID, StudentID, AccountTypeID) VALUES (3, 2200169, 2);
INSERT INTO ClubMember (ClubID, StudentID, AccountTypeID) VALUES (3, 2200185, 1);
INSERT INTO ClubMember (ClubID, StudentID, AccountTypeID) VALUES (3, 2200192, 1);
INSERT INTO ClubMember (ClubID, StudentID, AccountTypeID) VALUES (4, 2200012, 1);
INSERT INTO ClubMember (ClubID, StudentID, AccountTypeID) VALUES (4, 2200051, 1);
INSERT INTO ClubMember (ClubID, StudentID, AccountTypeID) VALUES (4, 2200061, 1);
INSERT INTO ClubMember (ClubID, StudentID, AccountTypeID) VALUES (4, 2200080, 1);
INSERT INTO ClubMember (ClubID, StudentID, AccountTypeID) VALUES (4, 2200118, 2);
INSERT INTO ClubMember (ClubID, StudentID, AccountTypeID) VALUES (4, 2200133, 1);
INSERT INTO ClubMember (ClubID, StudentID, AccountTypeID) VALUES (5, 2200044, 2);
INSERT INTO ClubMember (ClubID, StudentID, AccountTypeID) VALUES (5, 2200056, 1);
INSERT INTO ClubMember (ClubID, StudentID, AccountTypeID) VALUES (5, 2200092, 1);
INSERT INTO ClubMember (ClubID, StudentID, AccountTypeID) VALUES (5, 2200102, 1);
INSERT INTO ClubMember (ClubID, StudentID, AccountTypeID) VALUES (5, 2200156, 2);
INSERT INTO ClubMember (ClubID, StudentID, AccountTypeID) VALUES (5, 2200160, 1);
INSERT INTO ClubMember (ClubID, StudentID, AccountTypeID) VALUES (5, 2200184, 2);
INSERT INTO ClubMember (ClubID, StudentID, AccountTypeID) VALUES (5, 2200197, 1);
INSERT INTO ClubMember (ClubID, StudentID, AccountTypeID) VALUES (5, 2200198, 2);
INSERT INTO ClubMember (ClubID, StudentID, AccountTypeID) VALUES (6, 2200012, 1);
INSERT INTO ClubMember (ClubID, StudentID, AccountTypeID) VALUES (6, 2200019, 2);
INSERT INTO ClubMember (ClubID, StudentID, AccountTypeID) VALUES (6, 2200035, 1);
INSERT INTO ClubMember (ClubID, StudentID, AccountTypeID) VALUES (6, 2200092, 1);
INSERT INTO ClubMember (ClubID, StudentID, AccountTypeID) VALUES (6, 2200102, 1);
INSERT INTO ClubMember (ClubID, StudentID, AccountTypeID) VALUES (6, 2200158, 2);
INSERT INTO ClubMember (ClubID, StudentID, AccountTypeID) VALUES (6, 2200173, 2);
INSERT INTO ClubMember (ClubID, StudentID, AccountTypeID) VALUES (6, 2200192, 1);
INSERT INTO ClubMember (ClubID, StudentID, AccountTypeID) VALUES (7, 2200011, 2);
INSERT INTO ClubMember (ClubID, StudentID, AccountTypeID) VALUES (7, 2200035, 1);
INSERT INTO ClubMember (ClubID, StudentID, AccountTypeID) VALUES (7, 2200058, 1);
INSERT INTO ClubMember (ClubID, StudentID, AccountTypeID) VALUES (7, 2200059, 1);
INSERT INTO ClubMember (ClubID, StudentID, AccountTypeID) VALUES (7, 2200110, 1);
INSERT INTO ClubMember (ClubID, StudentID, AccountTypeID) VALUES (7, 2200128, 1);
INSERT INTO ClubMember (ClubID, StudentID, AccountTypeID) VALUES (7, 2200137, 2);
INSERT INTO ClubMember (ClubID, StudentID, AccountTypeID) VALUES (7, 2200140, 2);
INSERT INTO ClubMember (ClubID, StudentID, AccountTypeID) VALUES (7, 2200162, 2);
INSERT INTO ClubMember (ClubID, StudentID, AccountTypeID) VALUES (7, 2200178, 2);
INSERT INTO ClubMember (ClubID, StudentID, AccountTypeID) VALUES (7, 2200199, 2);
INSERT INTO ClubMember (ClubID, StudentID, AccountTypeID) VALUES (8, 2200001, 1);
INSERT INTO ClubMember (ClubID, StudentID, AccountTypeID) VALUES (8, 2200042, 2);
INSERT INTO ClubMember (ClubID, StudentID, AccountTypeID) VALUES (8, 2200048, 1);
INSERT INTO ClubMember (ClubID, StudentID, AccountTypeID) VALUES (8, 2200080, 1);
INSERT INTO ClubMember (ClubID, StudentID, AccountTypeID) VALUES (8, 2200108, 1);
INSERT INTO ClubMember (ClubID, StudentID, AccountTypeID) VALUES (8, 2200126, 2);
INSERT INTO ClubMember (ClubID, StudentID, AccountTypeID) VALUES (8, 2200188, 2);
INSERT INTO ClubMember (ClubID, StudentID, AccountTypeID) VALUES (9, 2200011, 2);
INSERT INTO ClubMember (ClubID, StudentID, AccountTypeID) VALUES (9, 2200019, 2);
INSERT INTO ClubMember (ClubID, StudentID, AccountTypeID) VALUES (9, 2200038, 1);
INSERT INTO ClubMember (ClubID, StudentID, AccountTypeID) VALUES (9, 2200066, 2);
INSERT INTO ClubMember (ClubID, StudentID, AccountTypeID) VALUES (9, 2200115, 2);
INSERT INTO ClubMember (ClubID, StudentID, AccountTypeID) VALUES (9, 2200134, 1);
INSERT INTO ClubMember (ClubID, StudentID, AccountTypeID) VALUES (9, 2200193, 1);
INSERT INTO ClubMember (ClubID, StudentID, AccountTypeID) VALUES (10, 2200045, 2);
INSERT INTO ClubMember (ClubID, StudentID, AccountTypeID) VALUES (10, 2200074, 1);
INSERT INTO ClubMember (ClubID, StudentID, AccountTypeID) VALUES (10, 2200084, 2);
INSERT INTO ClubMember (ClubID, StudentID, AccountTypeID) VALUES (10, 2200096, 2);
INSERT INTO ClubMember (ClubID, StudentID, AccountTypeID) VALUES (10, 2200144, 2);
INSERT INTO ClubMember (ClubID, StudentID, AccountTypeID) VALUES (10, 2200148, 2);
INSERT INTO ClubMember (ClubID, StudentID, AccountTypeID) VALUES (10, 2200149, 1);
INSERT INTO ClubMember (ClubID, StudentID, AccountTypeID) VALUES (10, 2200151, 1);
INSERT INTO ClubMember (ClubID, StudentID, AccountTypeID) VALUES (10, 2200155, 1);
INSERT INTO ClubMember (ClubID, StudentID, AccountTypeID) VALUES (11, 2200000, 1);
INSERT INTO ClubMember (ClubID, StudentID, AccountTypeID) VALUES (11, 2200008, 1);
INSERT INTO ClubMember (ClubID, StudentID, AccountTypeID) VALUES (11, 2200039, 2);
INSERT INTO ClubMember (ClubID, StudentID, AccountTypeID) VALUES (11, 2200043, 1);
INSERT INTO ClubMember (ClubID, StudentID, AccountTypeID) VALUES (11, 2200075, 1);
INSERT INTO ClubMember (ClubID, StudentID, AccountTypeID) VALUES (11, 2200125, 1);
INSERT INTO ClubMember (ClubID, StudentID, AccountTypeID) VALUES (11, 2200137, 2);
INSERT INTO ClubMember (ClubID, StudentID, AccountTypeID) VALUES (11, 2200160, 1);
INSERT INTO ClubMember (ClubID, StudentID, AccountTypeID) VALUES (11, 2200165, 2);
INSERT INTO ClubMember (ClubID, StudentID, AccountTypeID) VALUES (11, 2200166, 2);
INSERT INTO ClubMember (ClubID, StudentID, AccountTypeID) VALUES (11, 2200180, 1);
INSERT INTO ClubMember (ClubID, StudentID, AccountTypeID) VALUES (11, 2200182, 2);
INSERT INTO ClubMember (ClubID, StudentID, AccountTypeID) VALUES (12, 2200057, 1);
INSERT INTO ClubMember (ClubID, StudentID, AccountTypeID) VALUES (12, 2200078, 2);
INSERT INTO ClubMember (ClubID, StudentID, AccountTypeID) VALUES (12, 2200098, 1);
INSERT INTO ClubMember (ClubID, StudentID, AccountTypeID) VALUES (12, 2200109, 1);
INSERT INTO ClubMember (ClubID, StudentID, AccountTypeID) VALUES (12, 2200125, 1);
INSERT INTO ClubMember (ClubID, StudentID, AccountTypeID) VALUES (12, 2200135, 2);
INSERT INTO ClubMember (ClubID, StudentID, AccountTypeID) VALUES (12, 2200157, 2);
INSERT INTO ClubMember (ClubID, StudentID, AccountTypeID) VALUES (12, 2200168, 2);
INSERT INTO ClubMember (ClubID, StudentID, AccountTypeID) VALUES (12, 2200181, 2);
INSERT INTO ClubMember (ClubID, StudentID, AccountTypeID) VALUES (13, 2200042, 2);
INSERT INTO ClubMember (ClubID, StudentID, AccountTypeID) VALUES (13, 2200073, 1);
INSERT INTO ClubMember (ClubID, StudentID, AccountTypeID) VALUES (13, 2200073, 1);
INSERT INTO ClubMember (ClubID, StudentID, AccountTypeID) VALUES (13, 2200079, 2);
INSERT INTO ClubMember (ClubID, StudentID, AccountTypeID) VALUES (13, 2200091, 1);
INSERT INTO ClubMember (ClubID, StudentID, AccountTypeID) VALUES (13, 2200183, 2);
INSERT INTO ClubMember (ClubID, StudentID, AccountTypeID) VALUES (14, 2200036, 2);
INSERT INTO ClubMember (ClubID, StudentID, AccountTypeID) VALUES (14, 2200055, 1);
INSERT INTO ClubMember (ClubID, StudentID, AccountTypeID) VALUES (14, 2200086, 1);
INSERT INTO ClubMember (ClubID, StudentID, AccountTypeID) VALUES (14, 2200113, 2);
INSERT INTO ClubMember (ClubID, StudentID, AccountTypeID) VALUES (14, 2200119, 1);
INSERT INTO ClubMember (ClubID, StudentID, AccountTypeID) VALUES (14, 2200129, 1);
INSERT INTO ClubMember (ClubID, StudentID, AccountTypeID) VALUES (14, 2200147, 1);
INSERT INTO ClubMember (ClubID, StudentID, AccountTypeID) VALUES (14, 2200150, 1);
INSERT INTO ClubMember (ClubID, StudentID, AccountTypeID) VALUES (14, 2200194, 1);
INSERT INTO ClubMember (ClubID, StudentID, AccountTypeID) VALUES (15, 2200013, 1);
INSERT INTO ClubMember (ClubID, StudentID, AccountTypeID) VALUES (15, 2200038, 1);
INSERT INTO ClubMember (ClubID, StudentID, AccountTypeID) VALUES (15, 2200047, 2);
INSERT INTO ClubMember (ClubID, StudentID, AccountTypeID) VALUES (15, 2200057, 1);
INSERT INTO ClubMember (ClubID, StudentID, AccountTypeID) VALUES (15, 2200062, 2);
INSERT INTO ClubMember (ClubID, StudentID, AccountTypeID) VALUES (15, 2200102, 1);
INSERT INTO ClubMember (ClubID, StudentID, AccountTypeID) VALUES (15, 2200103, 2);
INSERT INTO ClubMember (ClubID, StudentID, AccountTypeID) VALUES (15, 2200115, 2);
INSERT INTO ClubMember (ClubID, StudentID, AccountTypeID) VALUES (15, 2200122, 2);
INSERT INTO ClubMember (ClubID, StudentID, AccountTypeID) VALUES (15, 2200130, 1);
INSERT INTO ClubMember (ClubID, StudentID, AccountTypeID) VALUES (15, 2200139, 2);
INSERT INTO ClubMember (ClubID, StudentID, AccountTypeID) VALUES (16, 2200098, 1);
INSERT INTO ClubMember (ClubID, StudentID, AccountTypeID) VALUES (16, 2200142, 1);
INSERT INTO ClubMember (ClubID, StudentID, AccountTypeID) VALUES (16, 2200179, 2);
INSERT INTO ClubMember (ClubID, StudentID, AccountTypeID) VALUES (16, 2200187, 1);
INSERT INTO ClubMember (ClubID, StudentID, AccountTypeID) VALUES (17, 2200035, 1);
INSERT INTO ClubMember (ClubID, StudentID, AccountTypeID) VALUES (17, 2200060, 1);
INSERT INTO ClubMember (ClubID, StudentID, AccountTypeID) VALUES (17, 2200072, 1);
INSERT INTO ClubMember (ClubID, StudentID, AccountTypeID) VALUES (17, 2200093, 1);
INSERT INTO ClubMember (ClubID, StudentID, AccountTypeID) VALUES (17, 2200114, 2);
INSERT INTO ClubMember (ClubID, StudentID, AccountTypeID) VALUES (17, 2200115, 2);
INSERT INTO ClubMember (ClubID, StudentID, AccountTypeID) VALUES (17, 2200120, 2);
INSERT INTO ClubMember (ClubID, StudentID, AccountTypeID) VALUES (17, 2200126, 2);
INSERT INTO ClubMember (ClubID, StudentID, AccountTypeID) VALUES (17, 2200142, 1);
INSERT INTO ClubMember (ClubID, StudentID, AccountTypeID) VALUES (17, 2200166, 2);
INSERT INTO ClubMember (ClubID, StudentID, AccountTypeID) VALUES (17, 2200167, 1);
INSERT INTO ClubMember (ClubID, StudentID, AccountTypeID) VALUES (17, 2200194, 1);
INSERT INTO ClubMember (ClubID, StudentID, AccountTypeID) VALUES (18, 2200065, 2);
INSERT INTO ClubMember (ClubID, StudentID, AccountTypeID) VALUES (18, 2200091, 1);
INSERT INTO ClubMember (ClubID, StudentID, AccountTypeID) VALUES (18, 2200196, 2);
INSERT INTO ClubMember (ClubID, StudentID, AccountTypeID) VALUES (19, 2200047, 2);
INSERT INTO ClubMember (ClubID, StudentID, AccountTypeID) VALUES (19, 2200047, 2);
INSERT INTO ClubMember (ClubID, StudentID, AccountTypeID) VALUES (19, 2200065, 2);
INSERT INTO ClubMember (ClubID, StudentID, AccountTypeID) VALUES (19, 2200074, 1);
INSERT INTO ClubMember (ClubID, StudentID, AccountTypeID) VALUES (19, 2200120, 2);
INSERT INTO ClubMember (ClubID, StudentID, AccountTypeID) VALUES (19, 2200134, 1);
INSERT INTO ClubMember (ClubID, StudentID, AccountTypeID) VALUES (19, 2200150, 1);
INSERT INTO ClubMember (ClubID, StudentID, AccountTypeID) VALUES (19, 2200184, 2);
INSERT INTO ClubMember (ClubID, StudentID, AccountTypeID) VALUES (19, 2200186, 2);
INSERT INTO ClubMember (ClubID, StudentID, AccountTypeID) VALUES (20, 2200000, 1);
INSERT INTO ClubMember (ClubID, StudentID, AccountTypeID) VALUES (20, 2200000, 1);
INSERT INTO ClubMember (ClubID, StudentID, AccountTypeID) VALUES (20, 2200021, 1);
INSERT INTO ClubMember (ClubID, StudentID, AccountTypeID) VALUES (20, 2200039, 2);
INSERT INTO ClubMember (ClubID, StudentID, AccountTypeID) VALUES (20, 2200044, 2);
INSERT INTO ClubMember (ClubID, StudentID, AccountTypeID) VALUES (20, 2200063, 2);
INSERT INTO ClubMember (ClubID, StudentID, AccountTypeID) VALUES (20, 2200072, 1);
INSERT INTO ClubMember (ClubID, StudentID, AccountTypeID) VALUES (20, 2200129, 1);
INSERT INTO ClubMember (ClubID, StudentID, AccountTypeID) VALUES (20, 2200136, 2);
INSERT INTO ClubMember (ClubID, StudentID, AccountTypeID) VALUES (20, 2200137, 2);
INSERT INTO ClubMember (ClubID, StudentID, AccountTypeID) VALUES (20, 2200151, 1);
INSERT INTO ClubMember (ClubID, StudentID, AccountTypeID) VALUES (20, 2200164, 1);
INSERT INTO ClubMember (ClubID, StudentID, AccountTypeID) VALUES (20, 2200170, 1);
INSERT INTO ClubMember (ClubID, StudentID, AccountTypeID) VALUES (20, 2200172, 1);
INSERT INTO ClubMember (ClubID, StudentID, AccountTypeID) VALUES (21, 2200015, 1);
INSERT INTO ClubMember (ClubID, StudentID, AccountTypeID) VALUES (21, 2200055, 1);
INSERT INTO ClubMember (ClubID, StudentID, AccountTypeID) VALUES (21, 2200095, 1);
INSERT INTO ClubMember (ClubID, StudentID, AccountTypeID) VALUES (21, 2200177, 1);
INSERT INTO ClubMember (ClubID, StudentID, AccountTypeID) VALUES (21, 2200180, 1);
INSERT INTO ClubMember (ClubID, StudentID, AccountTypeID) VALUES (22, 2200079, 2);
INSERT INTO ClubMember (ClubID, StudentID, AccountTypeID) VALUES (22, 2200146, 1);
INSERT INTO ClubMember (ClubID, StudentID, AccountTypeID) VALUES (23, 2200021, 1);
INSERT INTO ClubMember (ClubID, StudentID, AccountTypeID) VALUES (23, 2200053, 2);
INSERT INTO ClubMember (ClubID, StudentID, AccountTypeID) VALUES (23, 2200081, 2);
INSERT INTO ClubMember (ClubID, StudentID, AccountTypeID) VALUES (23, 2200081, 2);
INSERT INTO ClubMember (ClubID, StudentID, AccountTypeID) VALUES (23, 2200151, 1);
INSERT INTO ClubMember (ClubID, StudentID, AccountTypeID) VALUES (23, 2200172, 1);
INSERT INTO ClubMember (ClubID, StudentID, AccountTypeID) VALUES (24, 2200008, 1);
INSERT INTO ClubMember (ClubID, StudentID, AccountTypeID) VALUES (24, 2200134, 1);
INSERT INTO ClubMember (ClubID, StudentID, AccountTypeID) VALUES (24, 2200158, 2);
INSERT INTO ClubMember (ClubID, StudentID, AccountTypeID) VALUES (24, 2200190, 1);
INSERT INTO ClubMember (ClubID, StudentID, AccountTypeID) VALUES (24, 2200196, 2);
INSERT INTO ClubMember (ClubID, StudentID, AccountTypeID) VALUES (25, 2200027, 2);
INSERT INTO ClubMember (ClubID, StudentID, AccountTypeID) VALUES (25, 2200032, 2);
INSERT INTO ClubMember (ClubID, StudentID, AccountTypeID) VALUES (25, 2200065, 2);
INSERT INTO ClubMember (ClubID, StudentID, AccountTypeID) VALUES (25, 2200090, 1);
INSERT INTO ClubMember (ClubID, StudentID, AccountTypeID) VALUES (25, 2200149, 1);
INSERT INTO ClubMember (ClubID, StudentID, AccountTypeID) VALUES (25, 2200170, 1);
INSERT INTO ClubMember (ClubID, StudentID, AccountTypeID) VALUES (25, 2200176, 1);
INSERT INTO ClubMember (ClubID, StudentID, AccountTypeID) VALUES (26, 2200017, 1);
INSERT INTO ClubMember (ClubID, StudentID, AccountTypeID) VALUES (26, 2200046, 2);
INSERT INTO ClubMember (ClubID, StudentID, AccountTypeID) VALUES (26, 2200093, 1);
INSERT INTO ClubMember (ClubID, StudentID, AccountTypeID) VALUES (26, 2200141, 1);
INSERT INTO ClubMember (ClubID, StudentID, AccountTypeID) VALUES (26, 2200178, 2);
INSERT INTO ClubMember (ClubID, StudentID, AccountTypeID) VALUES (26, 2200197, 1);
INSERT INTO ClubMember (ClubID, StudentID, AccountTypeID) VALUES (27, 2200109, 1);
INSERT INTO ClubMember (ClubID, StudentID, AccountTypeID) VALUES (27, 2200110, 1);
INSERT INTO ClubMember (ClubID, StudentID, AccountTypeID) VALUES (28, 2200001, 1);
INSERT INTO ClubMember (ClubID, StudentID, AccountTypeID) VALUES (28, 2200090, 1);
INSERT INTO ClubMember (ClubID, StudentID, AccountTypeID) VALUES (28, 2200106, 2);
INSERT INTO ClubMember (ClubID, StudentID, AccountTypeID) VALUES (28, 2200138, 1);
INSERT INTO ClubMember (ClubID, StudentID, AccountTypeID) VALUES (28, 2200186, 2);
INSERT INTO ClubMember (ClubID, StudentID, AccountTypeID) VALUES (29, 2200011, 2);
INSERT INTO ClubMember (ClubID, StudentID, AccountTypeID) VALUES (29, 2200047, 2);
INSERT INTO ClubMember (ClubID, StudentID, AccountTypeID) VALUES (29, 2200062, 2);
INSERT INTO ClubMember (ClubID, StudentID, AccountTypeID) VALUES (29, 2200078, 2);
INSERT INTO ClubMember (ClubID, StudentID, AccountTypeID) VALUES (29, 2200097, 2);
INSERT INTO ClubMember (ClubID, StudentID, AccountTypeID) VALUES (29, 2200116, 1);
INSERT INTO ClubMember (ClubID, StudentID, AccountTypeID) VALUES (29, 2200131, 1);
INSERT INTO ClubMember (ClubID, StudentID, AccountTypeID) VALUES (29, 2200140, 2);
INSERT INTO ClubMember (ClubID, StudentID, AccountTypeID) VALUES (29, 2200148, 2);
INSERT INTO ClubMember (ClubID, StudentID, AccountTypeID) VALUES (29, 2200183, 2);
INSERT INTO ClubMember (ClubID, StudentID, AccountTypeID) VALUES (30, 2200031, 2);
INSERT INTO ClubMember (ClubID, StudentID, AccountTypeID) VALUES (30, 2200045, 2);
INSERT INTO ClubMember (ClubID, StudentID, AccountTypeID) VALUES (30, 2200051, 1);
INSERT INTO ClubMember (ClubID, StudentID, AccountTypeID) VALUES (30, 2200077, 1);
INSERT INTO ClubMember (ClubID, StudentID, AccountTypeID) VALUES (30, 2200083, 1);
INSERT INTO ClubMember (ClubID, StudentID, AccountTypeID) VALUES (30, 2200090, 1);
INSERT INTO ClubMember (ClubID, StudentID, AccountTypeID) VALUES (30, 2200103, 2);
INSERT INTO ClubMember (ClubID, StudentID, AccountTypeID) VALUES (30, 2200107, 2);
INSERT INTO ClubMember (ClubID, StudentID, AccountTypeID) VALUES (30, 2200111, 1);
INSERT INTO ClubMember (ClubID, StudentID, AccountTypeID) VALUES (30, 2200143, 2);
INSERT INTO ClubMember (ClubID, StudentID, AccountTypeID) VALUES (30, 2200175, 1);
INSERT INTO ClubMember (ClubID, StudentID, AccountTypeID) VALUES (31, 2200013, 1);
INSERT INTO ClubMember (ClubID, StudentID, AccountTypeID) VALUES (31, 2200017, 1);
INSERT INTO ClubMember (ClubID, StudentID, AccountTypeID) VALUES (31, 2200027, 2);
INSERT INTO ClubMember (ClubID, StudentID, AccountTypeID) VALUES (31, 2200028, 2);
INSERT INTO ClubMember (ClubID, StudentID, AccountTypeID) VALUES (31, 2200029, 1);
INSERT INTO ClubMember (ClubID, StudentID, AccountTypeID) VALUES (31, 2200043, 1);
INSERT INTO ClubMember (ClubID, StudentID, AccountTypeID) VALUES (31, 2200070, 2);
INSERT INTO ClubMember (ClubID, StudentID, AccountTypeID) VALUES (31, 2200175, 1);
INSERT INTO ClubMember (ClubID, StudentID, AccountTypeID) VALUES (31, 2200187, 1);
INSERT INTO ClubMember (ClubID, StudentID, AccountTypeID) VALUES (31, 2200187, 1);
INSERT INTO ClubMember (ClubID, StudentID, AccountTypeID) VALUES (31, 2200193, 1);
INSERT INTO ClubMember (ClubID, StudentID, AccountTypeID) VALUES (32, 2200012, 1);
INSERT INTO ClubMember (ClubID, StudentID, AccountTypeID) VALUES (32, 2200023, 2);
INSERT INTO ClubMember (ClubID, StudentID, AccountTypeID) VALUES (32, 2200039, 2);
INSERT INTO ClubMember (ClubID, StudentID, AccountTypeID) VALUES (32, 2200081, 2);
INSERT INTO ClubMember (ClubID, StudentID, AccountTypeID) VALUES (32, 2200090, 1);
INSERT INTO ClubMember (ClubID, StudentID, AccountTypeID) VALUES (33, 2200014, 2);
INSERT INTO ClubMember (ClubID, StudentID, AccountTypeID) VALUES (33, 2200026, 1);
INSERT INTO ClubMember (ClubID, StudentID, AccountTypeID) VALUES (33, 2200037, 2);
INSERT INTO ClubMember (ClubID, StudentID, AccountTypeID) VALUES (33, 2200057, 1);
INSERT INTO ClubMember (ClubID, StudentID, AccountTypeID) VALUES (33, 2200124, 1);
INSERT INTO ClubMember (ClubID, StudentID, AccountTypeID) VALUES (33, 2200151, 1);
INSERT INTO ClubMember (ClubID, StudentID, AccountTypeID) VALUES (33, 2200164, 1);
INSERT INTO ClubMember (ClubID, StudentID, AccountTypeID) VALUES (34, 2200009, 1);
INSERT INTO ClubMember (ClubID, StudentID, AccountTypeID) VALUES (34, 2200043, 1);
INSERT INTO ClubMember (ClubID, StudentID, AccountTypeID) VALUES (34, 2200046, 2);
INSERT INTO ClubMember (ClubID, StudentID, AccountTypeID) VALUES (34, 2200047, 2);
INSERT INTO ClubMember (ClubID, StudentID, AccountTypeID) VALUES (34, 2200060, 1);
INSERT INTO ClubMember (ClubID, StudentID, AccountTypeID) VALUES (34, 2200067, 1);
INSERT INTO ClubMember (ClubID, StudentID, AccountTypeID) VALUES (34, 2200075, 1);
INSERT INTO ClubMember (ClubID, StudentID, AccountTypeID) VALUES (34, 2200098, 1);
INSERT INTO ClubMember (ClubID, StudentID, AccountTypeID) VALUES (34, 2200099, 2);
INSERT INTO ClubMember (ClubID, StudentID, AccountTypeID) VALUES (34, 2200115, 2);
INSERT INTO ClubMember (ClubID, StudentID, AccountTypeID) VALUES (35, 2200005, 2);
INSERT INTO ClubMember (ClubID, StudentID, AccountTypeID) VALUES (35, 2200049, 1);
INSERT INTO ClubMember (ClubID, StudentID, AccountTypeID) VALUES (35, 2200094, 2);
INSERT INTO ClubMember (ClubID, StudentID, AccountTypeID) VALUES (35, 2200133, 1);
INSERT INTO ClubMember (ClubID, StudentID, AccountTypeID) VALUES (36, 2200010, 1);
INSERT INTO ClubMember (ClubID, StudentID, AccountTypeID) VALUES (36, 2200024, 1);
INSERT INTO ClubMember (ClubID, StudentID, AccountTypeID) VALUES (36, 2200026, 1);
INSERT INTO ClubMember (ClubID, StudentID, AccountTypeID) VALUES (36, 2200033, 2);
INSERT INTO ClubMember (ClubID, StudentID, AccountTypeID) VALUES (36, 2200045, 2);
INSERT INTO ClubMember (ClubID, StudentID, AccountTypeID) VALUES (36, 2200053, 2);
INSERT INTO ClubMember (ClubID, StudentID, AccountTypeID) VALUES (36, 2200106, 2);
INSERT INTO ClubMember (ClubID, StudentID, AccountTypeID) VALUES (36, 2200108, 1);
INSERT INTO ClubMember (ClubID, StudentID, AccountTypeID) VALUES (36, 2200112, 1);
INSERT INTO ClubMember (ClubID, StudentID, AccountTypeID) VALUES (36, 2200130, 1);
INSERT INTO ClubMember (ClubID, StudentID, AccountTypeID) VALUES (37, 2200036, 2);
INSERT INTO ClubMember (ClubID, StudentID, AccountTypeID) VALUES (37, 2200045, 2);
INSERT INTO ClubMember (ClubID, StudentID, AccountTypeID) VALUES (37, 2200060, 1);
INSERT INTO ClubMember (ClubID, StudentID, AccountTypeID) VALUES (37, 2200078, 2);
INSERT INTO ClubMember (ClubID, StudentID, AccountTypeID) VALUES (37, 2200084, 2);
INSERT INTO ClubMember (ClubID, StudentID, AccountTypeID) VALUES (37, 2200128, 1);
INSERT INTO ClubMember (ClubID, StudentID, AccountTypeID) VALUES (37, 2200141, 1);
INSERT INTO ClubMember (ClubID, StudentID, AccountTypeID) VALUES (37, 2200145, 1);
INSERT INTO ClubMember (ClubID, StudentID, AccountTypeID) VALUES (37, 2200156, 2);
INSERT INTO ClubMember (ClubID, StudentID, AccountTypeID) VALUES (37, 2200189, 2);
INSERT INTO ClubMember (ClubID, StudentID, AccountTypeID) VALUES (37, 2200199, 2);
INSERT INTO ClubMember (ClubID, StudentID, AccountTypeID) VALUES (38, 2200003, 2);
INSERT INTO ClubMember (ClubID, StudentID, AccountTypeID) VALUES (38, 2200029, 1);
INSERT INTO ClubMember (ClubID, StudentID, AccountTypeID) VALUES (38, 2200034, 2);
INSERT INTO ClubMember (ClubID, StudentID, AccountTypeID) VALUES (38, 2200035, 1);
INSERT INTO ClubMember (ClubID, StudentID, AccountTypeID) VALUES (38, 2200041, 2);
INSERT INTO ClubMember (ClubID, StudentID, AccountTypeID) VALUES (38, 2200063, 2);
INSERT INTO ClubMember (ClubID, StudentID, AccountTypeID) VALUES (38, 2200085, 1);
INSERT INTO ClubMember (ClubID, StudentID, AccountTypeID) VALUES (38, 2200087, 1);
INSERT INTO ClubMember (ClubID, StudentID, AccountTypeID) VALUES (38, 2200095, 1);
INSERT INTO ClubMember (ClubID, StudentID, AccountTypeID) VALUES (38, 2200121, 2);
INSERT INTO ClubMember (ClubID, StudentID, AccountTypeID) VALUES (38, 2200170, 1);
INSERT INTO ClubMember (ClubID, StudentID, AccountTypeID) VALUES (39, 2200018, 1);
INSERT INTO ClubMember (ClubID, StudentID, AccountTypeID) VALUES (39, 2200031, 2);
INSERT INTO ClubMember (ClubID, StudentID, AccountTypeID) VALUES (39, 2200034, 2);
INSERT INTO ClubMember (ClubID, StudentID, AccountTypeID) VALUES (39, 2200049, 1);
INSERT INTO ClubMember (ClubID, StudentID, AccountTypeID) VALUES (39, 2200079, 2);
INSERT INTO ClubMember (ClubID, StudentID, AccountTypeID) VALUES (39, 2200086, 1);
INSERT INTO ClubMember (ClubID, StudentID, AccountTypeID) VALUES (39, 2200117, 1);
INSERT INTO ClubMember (ClubID, StudentID, AccountTypeID) VALUES (40, 2200015, 1);
INSERT INTO ClubMember (ClubID, StudentID, AccountTypeID) VALUES (40, 2200061, 1);
INSERT INTO ClubMember (ClubID, StudentID, AccountTypeID) VALUES (40, 2200124, 1);
INSERT INTO ClubMember (ClubID, StudentID, AccountTypeID) VALUES (40, 2200124, 1);
INSERT INTO ClubMember (ClubID, StudentID, AccountTypeID) VALUES (40, 2200129, 1);
INSERT INTO ClubMember (ClubID, StudentID, AccountTypeID) VALUES (40, 2200136, 2);
INSERT INTO ClubMember (ClubID, StudentID, AccountTypeID) VALUES (40, 2200140, 2);
INSERT INTO ClubMember (ClubID, StudentID, AccountTypeID) VALUES (40, 2200144, 2);
INSERT INTO ClubMember (ClubID, StudentID, AccountTypeID) VALUES (40, 2200165, 2);
INSERT INTO ClubMember (ClubID, StudentID, AccountTypeID) VALUES (40, 2200169, 2);
INSERT INTO ClubMember (ClubID, StudentID, AccountTypeID) VALUES (40, 2200198, 2);
INSERT INTO ClubMember (ClubID, StudentID, AccountTypeID) VALUES (41, 2200023, 2);
INSERT INTO ClubMember (ClubID, StudentID, AccountTypeID) VALUES (41, 2200031, 2);
INSERT INTO ClubMember (ClubID, StudentID, AccountTypeID) VALUES (41, 2200055, 1);
INSERT INTO ClubMember (ClubID, StudentID, AccountTypeID) VALUES (41, 2200070, 2);
INSERT INTO ClubMember (ClubID, StudentID, AccountTypeID) VALUES (41, 2200119, 1);
INSERT INTO ClubMember (ClubID, StudentID, AccountTypeID) VALUES (41, 2200154, 1);
INSERT INTO ClubMember (ClubID, StudentID, AccountTypeID) VALUES (41, 2200183, 2);
INSERT INTO ClubMember (ClubID, StudentID, AccountTypeID) VALUES (41, 2200197, 1);
INSERT INTO ClubMember (ClubID, StudentID, AccountTypeID) VALUES (42, 2200009, 1);
INSERT INTO ClubMember (ClubID, StudentID, AccountTypeID) VALUES (42, 2200025, 2);
INSERT INTO ClubMember (ClubID, StudentID, AccountTypeID) VALUES (42, 2200076, 1);
INSERT INTO ClubMember (ClubID, StudentID, AccountTypeID) VALUES (42, 2200080, 1);
INSERT INTO ClubMember (ClubID, StudentID, AccountTypeID) VALUES (42, 2200093, 1);
INSERT INTO ClubMember (ClubID, StudentID, AccountTypeID) VALUES (42, 2200101, 1);
INSERT INTO ClubMember (ClubID, StudentID, AccountTypeID) VALUES (42, 2200136, 2);
INSERT INTO ClubMember (ClubID, StudentID, AccountTypeID) VALUES (42, 2200153, 2);
INSERT INTO ClubMember (ClubID, StudentID, AccountTypeID) VALUES (42, 2200163, 2);
INSERT INTO ClubMember (ClubID, StudentID, AccountTypeID) VALUES (42, 2200167, 1);
INSERT INTO ClubMember (ClubID, StudentID, AccountTypeID) VALUES (43, 2200001, 1);
INSERT INTO ClubMember (ClubID, StudentID, AccountTypeID) VALUES (43, 2200009, 1);
INSERT INTO ClubMember (ClubID, StudentID, AccountTypeID) VALUES (43, 2200025, 2);
INSERT INTO ClubMember (ClubID, StudentID, AccountTypeID) VALUES (43, 2200068, 2);
INSERT INTO ClubMember (ClubID, StudentID, AccountTypeID) VALUES (43, 2200073, 1);
INSERT INTO ClubMember (ClubID, StudentID, AccountTypeID) VALUES (43, 2200110, 1);
INSERT INTO ClubMember (ClubID, StudentID, AccountTypeID) VALUES (43, 2200163, 2);
INSERT INTO ClubMember (ClubID, StudentID, AccountTypeID) VALUES (43, 2200183, 2);
INSERT INTO ClubMember (ClubID, StudentID, AccountTypeID) VALUES (43, 2200195, 1);
INSERT INTO ClubMember (ClubID, StudentID, AccountTypeID) VALUES (44, 2200030, 1);
INSERT INTO ClubMember (ClubID, StudentID, AccountTypeID) VALUES (44, 2200037, 2);
INSERT INTO ClubMember (ClubID, StudentID, AccountTypeID) VALUES (44, 2200066, 2);
INSERT INTO ClubMember (ClubID, StudentID, AccountTypeID) VALUES (44, 2200139, 2);
INSERT INTO ClubMember (ClubID, StudentID, AccountTypeID) VALUES (44, 2200169, 2);
INSERT INTO ClubMember (ClubID, StudentID, AccountTypeID) VALUES (45, 2200030, 1);
INSERT INTO ClubMember (ClubID, StudentID, AccountTypeID) VALUES (45, 2200130, 1);
INSERT INTO ClubMember (ClubID, StudentID, AccountTypeID) VALUES (45, 2200133, 1);
INSERT INTO ClubMember (ClubID, StudentID, AccountTypeID) VALUES (45, 2200143, 2);
INSERT INTO ClubMember (ClubID, StudentID, AccountTypeID) VALUES (45, 2200150, 1);
INSERT INTO ClubMember (ClubID, StudentID, AccountTypeID) VALUES (45, 2200155, 1);
INSERT INTO ClubMember (ClubID, StudentID, AccountTypeID) VALUES (45, 2200190, 1);
INSERT INTO ClubMember (ClubID, StudentID, AccountTypeID) VALUES (45, 2200194, 1);
INSERT INTO ClubMember (ClubID, StudentID, AccountTypeID) VALUES (46, 2200020, 2);
INSERT INTO ClubMember (ClubID, StudentID, AccountTypeID) VALUES (46, 2200025, 2);
INSERT INTO ClubMember (ClubID, StudentID, AccountTypeID) VALUES (46, 2200034, 2);
INSERT INTO ClubMember (ClubID, StudentID, AccountTypeID) VALUES (46, 2200080, 1);
INSERT INTO ClubMember (ClubID, StudentID, AccountTypeID) VALUES (46, 2200087, 1);
INSERT INTO ClubMember (ClubID, StudentID, AccountTypeID) VALUES (46, 2200114, 2);
INSERT INTO ClubMember (ClubID, StudentID, AccountTypeID) VALUES (46, 2200116, 1);
INSERT INTO ClubMember (ClubID, StudentID, AccountTypeID) VALUES (46, 2200147, 1);
INSERT INTO ClubMember (ClubID, StudentID, AccountTypeID) VALUES (46, 2200191, 1);
INSERT INTO ClubMember (ClubID, StudentID, AccountTypeID) VALUES (46, 2200193, 1);
INSERT INTO ClubMember (ClubID, StudentID, AccountTypeID) VALUES (47, 2200014, 2);
INSERT INTO ClubMember (ClubID, StudentID, AccountTypeID) VALUES (47, 2200029, 1);
INSERT INTO ClubMember (ClubID, StudentID, AccountTypeID) VALUES (47, 2200092, 1);
INSERT INTO ClubMember (ClubID, StudentID, AccountTypeID) VALUES (47, 2200094, 2);
INSERT INTO ClubMember (ClubID, StudentID, AccountTypeID) VALUES (47, 2200099, 2);
INSERT INTO ClubMember (ClubID, StudentID, AccountTypeID) VALUES (47, 2200107, 2);
INSERT INTO ClubMember (ClubID, StudentID, AccountTypeID) VALUES (47, 2200107, 2);
INSERT INTO ClubMember (ClubID, StudentID, AccountTypeID) VALUES (47, 2200156, 2);
INSERT INTO ClubMember (ClubID, StudentID, AccountTypeID) VALUES (47, 2200161, 2);
INSERT INTO ClubMember (ClubID, StudentID, AccountTypeID) VALUES (47, 2200174, 2);
INSERT INTO ClubMember (ClubID, StudentID, AccountTypeID) VALUES (48, 2200016, 1);
INSERT INTO ClubMember (ClubID, StudentID, AccountTypeID) VALUES (48, 2200069, 1);
INSERT INTO ClubMember (ClubID, StudentID, AccountTypeID) VALUES (48, 2200100, 1);
INSERT INTO ClubMember (ClubID, StudentID, AccountTypeID) VALUES (48, 2200104, 1);
INSERT INTO ClubMember (ClubID, StudentID, AccountTypeID) VALUES (48, 2200126, 2);
INSERT INTO ClubMember (ClubID, StudentID, AccountTypeID) VALUES (48, 2200135, 2);
INSERT INTO ClubMember (ClubID, StudentID, AccountTypeID) VALUES (48, 2200179, 2);
INSERT INTO ClubMember (ClubID, StudentID, AccountTypeID) VALUES (48, 2200182, 2);
INSERT INTO ClubMember (ClubID, StudentID, AccountTypeID) VALUES (48, 2200192, 1);
INSERT INTO ClubMember (ClubID, StudentID, AccountTypeID) VALUES (49, 2200000, 1);
INSERT INTO ClubMember (ClubID, StudentID, AccountTypeID) VALUES (49, 2200041, 2);
INSERT INTO ClubMember (ClubID, StudentID, AccountTypeID) VALUES (49, 2200070, 2);
INSERT INTO ClubMember (ClubID, StudentID, AccountTypeID) VALUES (49, 2200071, 1);
INSERT INTO ClubMember (ClubID, StudentID, AccountTypeID) VALUES (49, 2200082, 2);
INSERT INTO ClubMember (ClubID, StudentID, AccountTypeID) VALUES (49, 2200086, 1);
INSERT INTO ClubMember (ClubID, StudentID, AccountTypeID) VALUES (49, 2200099, 2);
INSERT INTO ClubMember (ClubID, StudentID, AccountTypeID) VALUES (49, 2200121, 2);
INSERT INTO ClubMember (ClubID, StudentID, AccountTypeID) VALUES (49, 2200157, 2);
INSERT INTO ClubMember (ClubID, StudentID, AccountTypeID) VALUES (50, 2200002, 2);
INSERT INTO ClubMember (ClubID, StudentID, AccountTypeID) VALUES (50, 2200004, 1);
INSERT INTO ClubMember (ClubID, StudentID, AccountTypeID) VALUES (50, 2200006, 1);
INSERT INTO ClubMember (ClubID, StudentID, AccountTypeID) VALUES (50, 2200103, 2);
INSERT INTO ClubMember (ClubID, StudentID, AccountTypeID) VALUES (50, 2200162, 2);
INSERT INTO ClubMember (ClubID, StudentID, AccountTypeID) VALUES (50, 2200163, 2);
INSERT INTO ClubMember (ClubID, StudentID, AccountTypeID) VALUES (50, 2200182, 2);
INSERT INTO ClubMember (ClubID, StudentID, AccountTypeID) VALUES (50, 2200192, 1);
INSERT INTO ClubMember (ClubID, StudentID, AccountTypeID) VALUES (51, 2200056, 1);
INSERT INTO ClubMember (ClubID, StudentID, AccountTypeID) VALUES (51, 2200075, 1);
INSERT INTO ClubMember (ClubID, StudentID, AccountTypeID) VALUES (51, 2200088, 2);
INSERT INTO ClubMember (ClubID, StudentID, AccountTypeID) VALUES (51, 2200097, 2);
INSERT INTO ClubMember (ClubID, StudentID, AccountTypeID) VALUES (51, 2200098, 1);
INSERT INTO ClubMember (ClubID, StudentID, AccountTypeID) VALUES (51, 2200124, 1);
INSERT INTO ClubMember (ClubID, StudentID, AccountTypeID) VALUES (51, 2200143, 2);
INSERT INTO ClubMember (ClubID, StudentID, AccountTypeID) VALUES (51, 2200147, 1);
INSERT INTO ClubMember (ClubID, StudentID, AccountTypeID) VALUES (51, 2200182, 2);
INSERT INTO ClubMember (ClubID, StudentID, AccountTypeID) VALUES (51, 2200198, 2);
INSERT INTO ClubMember (ClubID, StudentID, AccountTypeID) VALUES (52, 2200027, 2);
INSERT INTO ClubMember (ClubID, StudentID, AccountTypeID) VALUES (52, 2200029, 1);
INSERT INTO ClubMember (ClubID, StudentID, AccountTypeID) VALUES (52, 2200044, 2);
INSERT INTO ClubMember (ClubID, StudentID, AccountTypeID) VALUES (52, 2200049, 1);
INSERT INTO ClubMember (ClubID, StudentID, AccountTypeID) VALUES (52, 2200055, 1);
INSERT INTO ClubMember (ClubID, StudentID, AccountTypeID) VALUES (52, 2200062, 2);
INSERT INTO ClubMember (ClubID, StudentID, AccountTypeID) VALUES (52, 2200145, 1);
INSERT INTO ClubMember (ClubID, StudentID, AccountTypeID) VALUES (52, 2200145, 1);
INSERT INTO ClubMember (ClubID, StudentID, AccountTypeID) VALUES (53, 2200001, 1);
INSERT INTO ClubMember (ClubID, StudentID, AccountTypeID) VALUES (53, 2200040, 1);
INSERT INTO ClubMember (ClubID, StudentID, AccountTypeID) VALUES (53, 2200055, 1);
INSERT INTO ClubMember (ClubID, StudentID, AccountTypeID) VALUES (53, 2200064, 1);
INSERT INTO ClubMember (ClubID, StudentID, AccountTypeID) VALUES (53, 2200070, 2);
INSERT INTO ClubMember (ClubID, StudentID, AccountTypeID) VALUES (53, 2200081, 2);
INSERT INTO ClubMember (ClubID, StudentID, AccountTypeID) VALUES (53, 2200093, 1);
INSERT INTO ClubMember (ClubID, StudentID, AccountTypeID) VALUES (53, 2200123, 2);
INSERT INTO ClubMember (ClubID, StudentID, AccountTypeID) VALUES (53, 2200127, 1);
INSERT INTO ClubMember (ClubID, StudentID, AccountTypeID) VALUES (53, 2200138, 1);
INSERT INTO ClubMember (ClubID, StudentID, AccountTypeID) VALUES (53, 2200182, 2);
INSERT INTO ClubMember (ClubID, StudentID, AccountTypeID) VALUES (54, 2200010, 1);
INSERT INTO ClubMember (ClubID, StudentID, AccountTypeID) VALUES (54, 2200020, 2);
INSERT INTO ClubMember (ClubID, StudentID, AccountTypeID) VALUES (54, 2200115, 2);
INSERT INTO ClubMember (ClubID, StudentID, AccountTypeID) VALUES (54, 2200128, 1);
INSERT INTO ClubMember (ClubID, StudentID, AccountTypeID) VALUES (54, 2200138, 1);
INSERT INTO ClubMember (ClubID, StudentID, AccountTypeID) VALUES (54, 2200177, 1);
INSERT INTO ClubMember (ClubID, StudentID, AccountTypeID) VALUES (54, 2200186, 2);
INSERT INTO ClubMember (ClubID, StudentID, AccountTypeID) VALUES (55, 2200008, 1);
INSERT INTO ClubMember (ClubID, StudentID, AccountTypeID) VALUES (55, 2200041, 2);
INSERT INTO ClubMember (ClubID, StudentID, AccountTypeID) VALUES (55, 2200080, 1);
INSERT INTO ClubMember (ClubID, StudentID, AccountTypeID) VALUES (55, 2200118, 2);
INSERT INTO ClubMember (ClubID, StudentID, AccountTypeID) VALUES (55, 2200121, 2);
INSERT INTO ClubMember (ClubID, StudentID, AccountTypeID) VALUES (55, 2200123, 2);
INSERT INTO ClubMember (ClubID, StudentID, AccountTypeID) VALUES (55, 2200126, 2);
INSERT INTO ClubMember (ClubID, StudentID, AccountTypeID) VALUES (55, 2200131, 1);
INSERT INTO ClubMember (ClubID, StudentID, AccountTypeID) VALUES (55, 2200142, 1);
INSERT INTO ClubMember (ClubID, StudentID, AccountTypeID) VALUES (55, 2200145, 1);
INSERT INTO ClubMember (ClubID, StudentID, AccountTypeID) VALUES (56, 2200020, 2);
INSERT INTO ClubMember (ClubID, StudentID, AccountTypeID) VALUES (56, 2200049, 1);
INSERT INTO ClubMember (ClubID, StudentID, AccountTypeID) VALUES (56, 2200050, 1);
INSERT INTO ClubMember (ClubID, StudentID, AccountTypeID) VALUES (56, 2200054, 1);
INSERT INTO ClubMember (ClubID, StudentID, AccountTypeID) VALUES (56, 2200144, 2);
INSERT INTO ClubMember (ClubID, StudentID, AccountTypeID) VALUES (56, 2200147, 1);
INSERT INTO ClubMember (ClubID, StudentID, AccountTypeID) VALUES (56, 2200147, 1);
INSERT INTO ClubMember (ClubID, StudentID, AccountTypeID) VALUES (56, 2200154, 1);
INSERT INTO ClubMember (ClubID, StudentID, AccountTypeID) VALUES (56, 2200176, 1);
INSERT INTO ClubMember (ClubID, StudentID, AccountTypeID) VALUES (57, 2200028, 2);
INSERT INTO ClubMember (ClubID, StudentID, AccountTypeID) VALUES (57, 2200053, 2);
INSERT INTO ClubMember (ClubID, StudentID, AccountTypeID) VALUES (57, 2200059, 1);
INSERT INTO ClubMember (ClubID, StudentID, AccountTypeID) VALUES (57, 2200068, 2);
INSERT INTO ClubMember (ClubID, StudentID, AccountTypeID) VALUES (57, 2200106, 2);
INSERT INTO ClubMember (ClubID, StudentID, AccountTypeID) VALUES (57, 2200116, 1);
INSERT INTO ClubMember (ClubID, StudentID, AccountTypeID) VALUES (57, 2200119, 1);
INSERT INTO ClubMember (ClubID, StudentID, AccountTypeID) VALUES (57, 2200138, 1);
INSERT INTO ClubMember (ClubID, StudentID, AccountTypeID) VALUES (58, 2200009, 1);
INSERT INTO ClubMember (ClubID, StudentID, AccountTypeID) VALUES (58, 2200024, 1);
INSERT INTO ClubMember (ClubID, StudentID, AccountTypeID) VALUES (58, 2200031, 2);
INSERT INTO ClubMember (ClubID, StudentID, AccountTypeID) VALUES (58, 2200116, 1);
INSERT INTO ClubMember (ClubID, StudentID, AccountTypeID) VALUES (58, 2200135, 2);
INSERT INTO ClubMember (ClubID, StudentID, AccountTypeID) VALUES (58, 2200159, 1);
INSERT INTO ClubMember (ClubID, StudentID, AccountTypeID) VALUES (58, 2200180, 1);
INSERT INTO ClubMember (ClubID, StudentID, AccountTypeID) VALUES (59, 2200021, 1);
INSERT INTO ClubMember (ClubID, StudentID, AccountTypeID) VALUES (59, 2200058, 1);
INSERT INTO ClubMember (ClubID, StudentID, AccountTypeID) VALUES (59, 2200064, 1);
INSERT INTO ClubMember (ClubID, StudentID, AccountTypeID) VALUES (59, 2200083, 1);
INSERT INTO ClubMember (ClubID, StudentID, AccountTypeID) VALUES (59, 2200085, 1);
INSERT INTO ClubMember (ClubID, StudentID, AccountTypeID) VALUES (59, 2200101, 1);
INSERT INTO ClubMember (ClubID, StudentID, AccountTypeID) VALUES (59, 2200144, 2);
INSERT INTO ClubMember (ClubID, StudentID, AccountTypeID) VALUES (59, 2200146, 1);
INSERT INTO ClubMember (ClubID, StudentID, AccountTypeID) VALUES (59, 2200152, 2);
INSERT INTO ClubMember (ClubID, StudentID, AccountTypeID) VALUES (59, 2200155, 1);
INSERT INTO ClubMember (ClubID, StudentID, AccountTypeID) VALUES (60, 2200001, 1);
INSERT INTO ClubMember (ClubID, StudentID, AccountTypeID) VALUES (60, 2200010, 1);
INSERT INTO ClubMember (ClubID, StudentID, AccountTypeID) VALUES (60, 2200014, 2);
INSERT INTO ClubMember (ClubID, StudentID, AccountTypeID) VALUES (60, 2200022, 1);
INSERT INTO ClubMember (ClubID, StudentID, AccountTypeID) VALUES (60, 2200044, 2);
INSERT INTO ClubMember (ClubID, StudentID, AccountTypeID) VALUES (60, 2200049, 1);
INSERT INTO ClubMember (ClubID, StudentID, AccountTypeID) VALUES (60, 2200054, 1);
INSERT INTO ClubMember (ClubID, StudentID, AccountTypeID) VALUES (60, 2200064, 1);
INSERT INTO ClubMember (ClubID, StudentID, AccountTypeID) VALUES (60, 2200084, 2);
INSERT INTO ClubMember (ClubID, StudentID, AccountTypeID) VALUES (60, 2200096, 2);
INSERT INTO ClubMember (ClubID, StudentID, AccountTypeID) VALUES (60, 2200100, 1);
INSERT INTO ClubMember (ClubID, StudentID, AccountTypeID) VALUES (60, 2200154, 1);
INSERT INTO ClubMember (ClubID, StudentID, AccountTypeID) VALUES (60, 2200185, 1);
INSERT INTO ClubMember (ClubID, StudentID, AccountTypeID) VALUES (61, 2200003, 2);
INSERT INTO ClubMember (ClubID, StudentID, AccountTypeID) VALUES (61, 2200013, 1);
INSERT INTO ClubMember (ClubID, StudentID, AccountTypeID) VALUES (61, 2200028, 2);
INSERT INTO ClubMember (ClubID, StudentID, AccountTypeID) VALUES (61, 2200037, 2);
INSERT INTO ClubMember (ClubID, StudentID, AccountTypeID) VALUES (61, 2200071, 1);
INSERT INTO ClubMember (ClubID, StudentID, AccountTypeID) VALUES (61, 2200125, 1);
INSERT INTO ClubMember (ClubID, StudentID, AccountTypeID) VALUES (61, 2200184, 2);
INSERT INTO ClubMember (ClubID, StudentID, AccountTypeID) VALUES (61, 2200196, 2);
INSERT INTO ClubMember (ClubID, StudentID, AccountTypeID) VALUES (61, 2200198, 2);
INSERT INTO ClubMember (ClubID, StudentID, AccountTypeID) VALUES (62, 2200005, 2);
INSERT INTO ClubMember (ClubID, StudentID, AccountTypeID) VALUES (62, 2200025, 2);
INSERT INTO ClubMember (ClubID, StudentID, AccountTypeID) VALUES (62, 2200060, 1);
INSERT INTO ClubMember (ClubID, StudentID, AccountTypeID) VALUES (62, 2200064, 1);
INSERT INTO ClubMember (ClubID, StudentID, AccountTypeID) VALUES (62, 2200068, 2);
INSERT INTO ClubMember (ClubID, StudentID, AccountTypeID) VALUES (62, 2200077, 1);
INSERT INTO ClubMember (ClubID, StudentID, AccountTypeID) VALUES (62, 2200129, 1);
INSERT INTO ClubMember (ClubID, StudentID, AccountTypeID) VALUES (62, 2200178, 2);
INSERT INTO ClubMember (ClubID, StudentID, AccountTypeID) VALUES (63, 2200005, 2);
INSERT INTO ClubMember (ClubID, StudentID, AccountTypeID) VALUES (63, 2200020, 2);
INSERT INTO ClubMember (ClubID, StudentID, AccountTypeID) VALUES (63, 2200025, 2);
INSERT INTO ClubMember (ClubID, StudentID, AccountTypeID) VALUES (63, 2200038, 1);
INSERT INTO ClubMember (ClubID, StudentID, AccountTypeID) VALUES (63, 2200056, 1);
INSERT INTO ClubMember (ClubID, StudentID, AccountTypeID) VALUES (64, 2200059, 1);
INSERT INTO ClubMember (ClubID, StudentID, AccountTypeID) VALUES (64, 2200082, 2);
INSERT INTO ClubMember (ClubID, StudentID, AccountTypeID) VALUES (64, 2200094, 2);
INSERT INTO ClubMember (ClubID, StudentID, AccountTypeID) VALUES (64, 2200142, 1);
INSERT INTO ClubMember (ClubID, StudentID, AccountTypeID) VALUES (64, 2200159, 1);
INSERT INTO ClubMember (ClubID, StudentID, AccountTypeID) VALUES (64, 2200177, 1);
INSERT INTO ClubMember (ClubID, StudentID, AccountTypeID) VALUES (64, 2200188, 2);
INSERT INTO ClubMember (ClubID, StudentID, AccountTypeID) VALUES (65, 2200121, 2);
INSERT INTO ClubMember (ClubID, StudentID, AccountTypeID) VALUES (65, 2200129, 1);
INSERT INTO ClubMember (ClubID, StudentID, AccountTypeID) VALUES (65, 2200168, 2);
INSERT INTO ClubMember (ClubID, StudentID, AccountTypeID) VALUES (65, 2200171, 1);
INSERT INTO ClubMember (ClubID, StudentID, AccountTypeID) VALUES (65, 2200191, 1);
INSERT INTO ClubMember (ClubID, StudentID, AccountTypeID) VALUES (66, 2200027, 2);
INSERT INTO ClubMember (ClubID, StudentID, AccountTypeID) VALUES (66, 2200053, 2);
INSERT INTO ClubMember (ClubID, StudentID, AccountTypeID) VALUES (66, 2200059, 1);
INSERT INTO ClubMember (ClubID, StudentID, AccountTypeID) VALUES (66, 2200139, 2);
INSERT INTO ClubMember (ClubID, StudentID, AccountTypeID) VALUES (66, 2200179, 2);
INSERT INTO ClubMember (ClubID, StudentID, AccountTypeID) VALUES (66, 2200180, 1);
INSERT INTO ClubMember (ClubID, StudentID, AccountTypeID) VALUES (67, 2200021, 1);
INSERT INTO ClubMember (ClubID, StudentID, AccountTypeID) VALUES (67, 2200140, 2);
INSERT INTO ClubMember (ClubID, StudentID, AccountTypeID) VALUES (67, 2200161, 2);
INSERT INTO ClubMember (ClubID, StudentID, AccountTypeID) VALUES (67, 2200171, 1);
INSERT INTO ClubMember (ClubID, StudentID, AccountTypeID) VALUES (67, 2200190, 1);
INSERT INTO ClubMember (ClubID, StudentID, AccountTypeID) VALUES (68, 2200007, 2);
INSERT INTO ClubMember (ClubID, StudentID, AccountTypeID) VALUES (68, 2200019, 2);
INSERT INTO ClubMember (ClubID, StudentID, AccountTypeID) VALUES (68, 2200076, 1);
INSERT INTO ClubMember (ClubID, StudentID, AccountTypeID) VALUES (68, 2200135, 2);
INSERT INTO ClubMember (ClubID, StudentID, AccountTypeID) VALUES (68, 2200142, 1);
INSERT INTO ClubMember (ClubID, StudentID, AccountTypeID) VALUES (68, 2200149, 1);
INSERT INTO ClubMember (ClubID, StudentID, AccountTypeID) VALUES (69, 2200004, 1);
INSERT INTO ClubMember (ClubID, StudentID, AccountTypeID) VALUES (69, 2200050, 1);
INSERT INTO ClubMember (ClubID, StudentID, AccountTypeID) VALUES (69, 2200077, 1);
INSERT INTO ClubMember (ClubID, StudentID, AccountTypeID) VALUES (69, 2200103, 2);
INSERT INTO ClubMember (ClubID, StudentID, AccountTypeID) VALUES (69, 2200104, 1);
INSERT INTO ClubMember (ClubID, StudentID, AccountTypeID) VALUES (69, 2200113, 2);
INSERT INTO ClubMember (ClubID, StudentID, AccountTypeID) VALUES (69, 2200171, 1);
INSERT INTO ClubMember (ClubID, StudentID, AccountTypeID) VALUES (69, 2200188, 2);
INSERT INTO ClubMember (ClubID, StudentID, AccountTypeID) VALUES (70, 2200030, 1);
INSERT INTO ClubMember (ClubID, StudentID, AccountTypeID) VALUES (70, 2200084, 2);
INSERT INTO ClubMember (ClubID, StudentID, AccountTypeID) VALUES (70, 2200191, 1);
INSERT INTO ClubMember (ClubID, StudentID, AccountTypeID) VALUES (71, 2200026, 1);
INSERT INTO ClubMember (ClubID, StudentID, AccountTypeID) VALUES (71, 2200027, 2);
INSERT INTO ClubMember (ClubID, StudentID, AccountTypeID) VALUES (71, 2200030, 1);
INSERT INTO ClubMember (ClubID, StudentID, AccountTypeID) VALUES (71, 2200040, 1);
INSERT INTO ClubMember (ClubID, StudentID, AccountTypeID) VALUES (71, 2200043, 1);
INSERT INTO ClubMember (ClubID, StudentID, AccountTypeID) VALUES (71, 2200098, 1);
INSERT INTO ClubMember (ClubID, StudentID, AccountTypeID) VALUES (71, 2200111, 1);
INSERT INTO ClubMember (ClubID, StudentID, AccountTypeID) VALUES (71, 2200122, 2);
INSERT INTO ClubMember (ClubID, StudentID, AccountTypeID) VALUES (71, 2200130, 1);
INSERT INTO ClubMember (ClubID, StudentID, AccountTypeID) VALUES (71, 2200132, 2);
INSERT INTO ClubMember (ClubID, StudentID, AccountTypeID) VALUES (71, 2200143, 2);
INSERT INTO ClubMember (ClubID, StudentID, AccountTypeID) VALUES (71, 2200163, 2);
INSERT INTO ClubMember (ClubID, StudentID, AccountTypeID) VALUES (71, 2200166, 2);
INSERT INTO ClubMember (ClubID, StudentID, AccountTypeID) VALUES (72, 2200018, 1);
INSERT INTO ClubMember (ClubID, StudentID, AccountTypeID) VALUES (72, 2200127, 1);
INSERT INTO ClubMember (ClubID, StudentID, AccountTypeID) VALUES (72, 2200131, 1);
INSERT INTO ClubMember (ClubID, StudentID, AccountTypeID) VALUES (72, 2200152, 2);
INSERT INTO ClubMember (ClubID, StudentID, AccountTypeID) VALUES (73, 2200024, 1);
INSERT INTO ClubMember (ClubID, StudentID, AccountTypeID) VALUES (73, 2200042, 2);
INSERT INTO ClubMember (ClubID, StudentID, AccountTypeID) VALUES (73, 2200158, 2);
INSERT INTO ClubMember (ClubID, StudentID, AccountTypeID) VALUES (73, 2200176, 1);
INSERT INTO ClubMember (ClubID, StudentID, AccountTypeID) VALUES (73, 2200190, 1);
INSERT INTO ClubMember (ClubID, StudentID, AccountTypeID) VALUES (74, 2200003, 2);
INSERT INTO ClubMember (ClubID, StudentID, AccountTypeID) VALUES (74, 2200015, 1);
INSERT INTO ClubMember (ClubID, StudentID, AccountTypeID) VALUES (74, 2200016, 1);
INSERT INTO ClubMember (ClubID, StudentID, AccountTypeID) VALUES (74, 2200038, 1);
INSERT INTO ClubMember (ClubID, StudentID, AccountTypeID) VALUES (74, 2200052, 1);
INSERT INTO ClubMember (ClubID, StudentID, AccountTypeID) VALUES (74, 2200067, 1);
INSERT INTO ClubMember (ClubID, StudentID, AccountTypeID) VALUES (74, 2200152, 2);
INSERT INTO ClubMember (ClubID, StudentID, AccountTypeID) VALUES (74, 2200157, 2);
INSERT INTO ClubMember (ClubID, StudentID, AccountTypeID) VALUES (74, 2200189, 2);
INSERT INTO ClubMember (ClubID, StudentID, AccountTypeID) VALUES (74, 2200194, 1);
INSERT INTO ClubMember (ClubID, StudentID, AccountTypeID) VALUES (75, 2200033, 2);
INSERT INTO ClubMember (ClubID, StudentID, AccountTypeID) VALUES (75, 2200041, 2);
INSERT INTO ClubMember (ClubID, StudentID, AccountTypeID) VALUES (75, 2200046, 2);
INSERT INTO ClubMember (ClubID, StudentID, AccountTypeID) VALUES (75, 2200052, 1);
INSERT INTO ClubMember (ClubID, StudentID, AccountTypeID) VALUES (75, 2200082, 2);
INSERT INTO ClubMember (ClubID, StudentID, AccountTypeID) VALUES (75, 2200104, 1);
INSERT INTO ClubMember (ClubID, StudentID, AccountTypeID) VALUES (75, 2200111, 1);
INSERT INTO ClubMember (ClubID, StudentID, AccountTypeID) VALUES (75, 2200114, 2);
INSERT INTO ClubMember (ClubID, StudentID, AccountTypeID) VALUES (75, 2200120, 2);
INSERT INTO ClubMember (ClubID, StudentID, AccountTypeID) VALUES (76, 2200007, 2);
INSERT INTO ClubMember (ClubID, StudentID, AccountTypeID) VALUES (76, 2200017, 1);
INSERT INTO ClubMember (ClubID, StudentID, AccountTypeID) VALUES (76, 2200023, 2);
INSERT INTO ClubMember (ClubID, StudentID, AccountTypeID) VALUES (76, 2200026, 1);
INSERT INTO ClubMember (ClubID, StudentID, AccountTypeID) VALUES (76, 2200033, 2);
INSERT INTO ClubMember (ClubID, StudentID, AccountTypeID) VALUES (76, 2200040, 1);
INSERT INTO ClubMember (ClubID, StudentID, AccountTypeID) VALUES (76, 2200048, 1);
INSERT INTO ClubMember (ClubID, StudentID, AccountTypeID) VALUES (76, 2200050, 1);
INSERT INTO ClubMember (ClubID, StudentID, AccountTypeID) VALUES (76, 2200112, 1);
INSERT INTO ClubMember (ClubID, StudentID, AccountTypeID) VALUES (76, 2200116, 1);
INSERT INTO ClubMember (ClubID, StudentID, AccountTypeID) VALUES (76, 2200121, 2);
INSERT INTO ClubMember (ClubID, StudentID, AccountTypeID) VALUES (76, 2200136, 2);
INSERT INTO ClubMember (ClubID, StudentID, AccountTypeID) VALUES (76, 2200139, 2);
INSERT INTO ClubMember (ClubID, StudentID, AccountTypeID) VALUES (76, 2200155, 1);
INSERT INTO ClubMember (ClubID, StudentID, AccountTypeID) VALUES (76, 2200157, 2);
INSERT INTO ClubMember (ClubID, StudentID, AccountTypeID) VALUES (76, 2200172, 1);
INSERT INTO ClubMember (ClubID, StudentID, AccountTypeID) VALUES (77, 2200014, 2);
INSERT INTO ClubMember (ClubID, StudentID, AccountTypeID) VALUES (77, 2200051, 1);
INSERT INTO ClubMember (ClubID, StudentID, AccountTypeID) VALUES (77, 2200065, 2);
INSERT INTO ClubMember (ClubID, StudentID, AccountTypeID) VALUES (77, 2200159, 1);
INSERT INTO ClubMember (ClubID, StudentID, AccountTypeID) VALUES (77, 2200164, 1);
INSERT INTO ClubMember (ClubID, StudentID, AccountTypeID) VALUES (77, 2200178, 2);
INSERT INTO ClubMember (ClubID, StudentID, AccountTypeID) VALUES (78, 2200082, 2);
INSERT INTO ClubMember (ClubID, StudentID, AccountTypeID) VALUES (78, 2200101, 1);
INSERT INTO ClubMember (ClubID, StudentID, AccountTypeID) VALUES (78, 2200132, 2);
INSERT INTO ClubMember (ClubID, StudentID, AccountTypeID) VALUES (78, 2200138, 1);
INSERT INTO ClubMember (ClubID, StudentID, AccountTypeID) VALUES (78, 2200161, 2);
INSERT INTO ClubMember (ClubID, StudentID, AccountTypeID) VALUES (78, 2200174, 2);
INSERT INTO ClubMember (ClubID, StudentID, AccountTypeID) VALUES (78, 2200186, 2);
INSERT INTO ClubMember (ClubID, StudentID, AccountTypeID) VALUES (79, 2200013, 1);
INSERT INTO ClubMember (ClubID, StudentID, AccountTypeID) VALUES (79, 2200022, 1);
INSERT INTO ClubMember (ClubID, StudentID, AccountTypeID) VALUES (79, 2200040, 1);
INSERT INTO ClubMember (ClubID, StudentID, AccountTypeID) VALUES (79, 2200077, 1);
INSERT INTO ClubMember (ClubID, StudentID, AccountTypeID) VALUES (79, 2200100, 1);
INSERT INTO ClubMember (ClubID, StudentID, AccountTypeID) VALUES (79, 2200105, 2);
INSERT INTO ClubMember (ClubID, StudentID, AccountTypeID) VALUES (79, 2200117, 1);
INSERT INTO ClubMember (ClubID, StudentID, AccountTypeID) VALUES (79, 2200131, 1);
INSERT INTO ClubMember (ClubID, StudentID, AccountTypeID) VALUES (79, 2200172, 1);
INSERT INTO ClubMember (ClubID, StudentID, AccountTypeID) VALUES (79, 2200185, 1);
INSERT INTO ClubMember (ClubID, StudentID, AccountTypeID) VALUES (80, 2200043, 1);
INSERT INTO ClubMember (ClubID, StudentID, AccountTypeID) VALUES (80, 2200059, 1);
INSERT INTO ClubMember (ClubID, StudentID, AccountTypeID) VALUES (80, 2200075, 1);
INSERT INTO ClubMember (ClubID, StudentID, AccountTypeID) VALUES (80, 2200076, 1);
INSERT INTO ClubMember (ClubID, StudentID, AccountTypeID) VALUES (80, 2200092, 1);
INSERT INTO ClubMember (ClubID, StudentID, AccountTypeID) VALUES (80, 2200120, 2);
INSERT INTO ClubMember (ClubID, StudentID, AccountTypeID) VALUES (80, 2200152, 2);
INSERT INTO ClubMember (ClubID, StudentID, AccountTypeID) VALUES (80, 2200173, 2);
INSERT INTO ClubMember (ClubID, StudentID, AccountTypeID) VALUES (80, 2200188, 2);
INSERT INTO ClubMember (ClubID, StudentID, AccountTypeID) VALUES (81, 2200061, 1);
INSERT INTO ClubMember (ClubID, StudentID, AccountTypeID) VALUES (81, 2200101, 1);
INSERT INTO ClubMember (ClubID, StudentID, AccountTypeID) VALUES (81, 2200149, 1);
INSERT INTO ClubMember (ClubID, StudentID, AccountTypeID) VALUES (81, 2200154, 1);
INSERT INTO ClubMember (ClubID, StudentID, AccountTypeID) VALUES (81, 2200163, 2);
INSERT INTO ClubMember (ClubID, StudentID, AccountTypeID) VALUES (81, 2200189, 2);
INSERT INTO ClubMember (ClubID, StudentID, AccountTypeID) VALUES (82, 2200036, 2);
INSERT INTO ClubMember (ClubID, StudentID, AccountTypeID) VALUES (82, 2200083, 1);
INSERT INTO ClubMember (ClubID, StudentID, AccountTypeID) VALUES (82, 2200099, 2);
INSERT INTO ClubMember (ClubID, StudentID, AccountTypeID) VALUES (82, 2200108, 1);
INSERT INTO ClubMember (ClubID, StudentID, AccountTypeID) VALUES (82, 2200109, 1);
INSERT INTO ClubMember (ClubID, StudentID, AccountTypeID) VALUES (82, 2200118, 2);
INSERT INTO ClubMember (ClubID, StudentID, AccountTypeID) VALUES (82, 2200145, 1);
INSERT INTO ClubMember (ClubID, StudentID, AccountTypeID) VALUES (82, 2200150, 1);
INSERT INTO ClubMember (ClubID, StudentID, AccountTypeID) VALUES (82, 2200153, 2);
INSERT INTO ClubMember (ClubID, StudentID, AccountTypeID) VALUES (82, 2200156, 2);
INSERT INTO ClubMember (ClubID, StudentID, AccountTypeID) VALUES (82, 2200167, 1);
INSERT INTO ClubMember (ClubID, StudentID, AccountTypeID) VALUES (82, 2200187, 1);
INSERT INTO ClubMember (ClubID, StudentID, AccountTypeID) VALUES (82, 2200195, 1);
INSERT INTO ClubMember (ClubID, StudentID, AccountTypeID) VALUES (83, 2200019, 2);
INSERT INTO ClubMember (ClubID, StudentID, AccountTypeID) VALUES (83, 2200022, 1);
INSERT INTO ClubMember (ClubID, StudentID, AccountTypeID) VALUES (83, 2200063, 2);
INSERT INTO ClubMember (ClubID, StudentID, AccountTypeID) VALUES (83, 2200072, 1);
INSERT INTO ClubMember (ClubID, StudentID, AccountTypeID) VALUES (83, 2200101, 1);
INSERT INTO ClubMember (ClubID, StudentID, AccountTypeID) VALUES (83, 2200102, 1);
INSERT INTO ClubMember (ClubID, StudentID, AccountTypeID) VALUES (83, 2200160, 1);
INSERT INTO ClubMember (ClubID, StudentID, AccountTypeID) VALUES (83, 2200199, 2);
INSERT INTO ClubMember (ClubID, StudentID, AccountTypeID) VALUES (84, 2200068, 2);
INSERT INTO ClubMember (ClubID, StudentID, AccountTypeID) VALUES (84, 2200105, 2);
INSERT INTO ClubMember (ClubID, StudentID, AccountTypeID) VALUES (84, 2200117, 1);
INSERT INTO ClubMember (ClubID, StudentID, AccountTypeID) VALUES (84, 2200122, 2);
INSERT INTO ClubMember (ClubID, StudentID, AccountTypeID) VALUES (84, 2200132, 2);
INSERT INTO ClubMember (ClubID, StudentID, AccountTypeID) VALUES (84, 2200134, 1);
INSERT INTO ClubMember (ClubID, StudentID, AccountTypeID) VALUES (84, 2200165, 2);
INSERT INTO ClubMember (ClubID, StudentID, AccountTypeID) VALUES (84, 2200193, 1);
INSERT INTO ClubMember (ClubID, StudentID, AccountTypeID) VALUES (84, 2200199, 2);
INSERT INTO ClubMember (ClubID, StudentID, AccountTypeID) VALUES (85, 2200006, 1);
INSERT INTO ClubMember (ClubID, StudentID, AccountTypeID) VALUES (85, 2200008, 1);
INSERT INTO ClubMember (ClubID, StudentID, AccountTypeID) VALUES (85, 2200019, 2);
INSERT INTO ClubMember (ClubID, StudentID, AccountTypeID) VALUES (85, 2200024, 1);
INSERT INTO ClubMember (ClubID, StudentID, AccountTypeID) VALUES (85, 2200029, 1);
INSERT INTO ClubMember (ClubID, StudentID, AccountTypeID) VALUES (85, 2200056, 1);
INSERT INTO ClubMember (ClubID, StudentID, AccountTypeID) VALUES (85, 2200083, 1);
INSERT INTO ClubMember (ClubID, StudentID, AccountTypeID) VALUES (85, 2200143, 2);
INSERT INTO ClubMember (ClubID, StudentID, AccountTypeID) VALUES (85, 2200165, 2);
INSERT INTO ClubMember (ClubID, StudentID, AccountTypeID) VALUES (85, 2200166, 2);
INSERT INTO ClubMember (ClubID, StudentID, AccountTypeID) VALUES (85, 2200171, 1);
INSERT INTO ClubMember (ClubID, StudentID, AccountTypeID) VALUES (85, 2200190, 1);
INSERT INTO ClubMember (ClubID, StudentID, AccountTypeID) VALUES (86, 2200051, 1);
INSERT INTO ClubMember (ClubID, StudentID, AccountTypeID) VALUES (86, 2200076, 1);
INSERT INTO ClubMember (ClubID, StudentID, AccountTypeID) VALUES (86, 2200097, 2);
INSERT INTO ClubMember (ClubID, StudentID, AccountTypeID) VALUES (86, 2200097, 2);
INSERT INTO ClubMember (ClubID, StudentID, AccountTypeID) VALUES (86, 2200100, 1);
INSERT INTO ClubMember (ClubID, StudentID, AccountTypeID) VALUES (86, 2200127, 1);
INSERT INTO ClubMember (ClubID, StudentID, AccountTypeID) VALUES (86, 2200132, 2);
INSERT INTO ClubMember (ClubID, StudentID, AccountTypeID) VALUES (86, 2200168, 2);
INSERT INTO ClubMember (ClubID, StudentID, AccountTypeID) VALUES (87, 2200018, 1);
INSERT INTO ClubMember (ClubID, StudentID, AccountTypeID) VALUES (87, 2200078, 2);
INSERT INTO ClubMember (ClubID, StudentID, AccountTypeID) VALUES (87, 2200081, 2);
INSERT INTO ClubMember (ClubID, StudentID, AccountTypeID) VALUES (87, 2200082, 2);
INSERT INTO ClubMember (ClubID, StudentID, AccountTypeID) VALUES (87, 2200091, 1);
INSERT INTO ClubMember (ClubID, StudentID, AccountTypeID) VALUES (87, 2200139, 2);
INSERT INTO ClubMember (ClubID, StudentID, AccountTypeID) VALUES (87, 2200153, 2);
INSERT INTO ClubMember (ClubID, StudentID, AccountTypeID) VALUES (87, 2200162, 2);
INSERT INTO ClubMember (ClubID, StudentID, AccountTypeID) VALUES (87, 2200176, 1);
INSERT INTO ClubMember (ClubID, StudentID, AccountTypeID) VALUES (87, 2200195, 1);
INSERT INTO ClubMember (ClubID, StudentID, AccountTypeID) VALUES (88, 2200032, 2);
INSERT INTO ClubMember (ClubID, StudentID, AccountTypeID) VALUES (88, 2200038, 1);
INSERT INTO ClubMember (ClubID, StudentID, AccountTypeID) VALUES (88, 2200044, 2);
INSERT INTO ClubMember (ClubID, StudentID, AccountTypeID) VALUES (88, 2200085, 1);
INSERT INTO ClubMember (ClubID, StudentID, AccountTypeID) VALUES (88, 2200106, 2);
INSERT INTO ClubMember (ClubID, StudentID, AccountTypeID) VALUES (88, 2200125, 1);
INSERT INTO ClubMember (ClubID, StudentID, AccountTypeID) VALUES (88, 2200146, 1);
INSERT INTO ClubMember (ClubID, StudentID, AccountTypeID) VALUES (88, 2200173, 2);
INSERT INTO ClubMember (ClubID, StudentID, AccountTypeID) VALUES (89, 2200017, 1);
INSERT INTO ClubMember (ClubID, StudentID, AccountTypeID) VALUES (89, 2200087, 1);
INSERT INTO ClubMember (ClubID, StudentID, AccountTypeID) VALUES (89, 2200104, 1);
INSERT INTO ClubMember (ClubID, StudentID, AccountTypeID) VALUES (89, 2200132, 2);
INSERT INTO ClubMember (ClubID, StudentID, AccountTypeID) VALUES (90, 2200034, 2);
INSERT INTO ClubMember (ClubID, StudentID, AccountTypeID) VALUES (90, 2200064, 1);
INSERT INTO ClubMember (ClubID, StudentID, AccountTypeID) VALUES (90, 2200079, 2);
INSERT INTO ClubMember (ClubID, StudentID, AccountTypeID) VALUES (90, 2200102, 1);
INSERT INTO ClubMember (ClubID, StudentID, AccountTypeID) VALUES (90, 2200161, 2);
INSERT INTO ClubMember (ClubID, StudentID, AccountTypeID) VALUES (90, 2200167, 1);
INSERT INTO ClubMember (ClubID, StudentID, AccountTypeID) VALUES (91, 2200028, 2);
INSERT INTO ClubMember (ClubID, StudentID, AccountTypeID) VALUES (91, 2200061, 1);
INSERT INTO ClubMember (ClubID, StudentID, AccountTypeID) VALUES (91, 2200119, 1);
INSERT INTO ClubMember (ClubID, StudentID, AccountTypeID) VALUES (91, 2200120, 2);
INSERT INTO ClubMember (ClubID, StudentID, AccountTypeID) VALUES (91, 2200166, 2);
INSERT INTO ClubMember (ClubID, StudentID, AccountTypeID) VALUES (91, 2200179, 2);
INSERT INTO ClubMember (ClubID, StudentID, AccountTypeID) VALUES (91, 2200183, 2);
INSERT INTO ClubMember (ClubID, StudentID, AccountTypeID) VALUES (91, 2200196, 2);
INSERT INTO ClubMember (ClubID, StudentID, AccountTypeID) VALUES (92, 2200006, 1);
INSERT INTO ClubMember (ClubID, StudentID, AccountTypeID) VALUES (92, 2200015, 1);
INSERT INTO ClubMember (ClubID, StudentID, AccountTypeID) VALUES (92, 2200031, 2);
INSERT INTO ClubMember (ClubID, StudentID, AccountTypeID) VALUES (92, 2200173, 2);
INSERT INTO ClubMember (ClubID, StudentID, AccountTypeID) VALUES (92, 2200174, 2);
INSERT INTO ClubMember (ClubID, StudentID, AccountTypeID) VALUES (92, 2200189, 2);
INSERT INTO ClubMember (ClubID, StudentID, AccountTypeID) VALUES (93, 2200067, 1);
INSERT INTO ClubMember (ClubID, StudentID, AccountTypeID) VALUES (93, 2200105, 2);
INSERT INTO ClubMember (ClubID, StudentID, AccountTypeID) VALUES (93, 2200117, 1);
INSERT INTO ClubMember (ClubID, StudentID, AccountTypeID) VALUES (93, 2200124, 1);
INSERT INTO ClubMember (ClubID, StudentID, AccountTypeID) VALUES (94, 2200004, 1);
INSERT INTO ClubMember (ClubID, StudentID, AccountTypeID) VALUES (94, 2200032, 2);
INSERT INTO ClubMember (ClubID, StudentID, AccountTypeID) VALUES (94, 2200050, 1);
INSERT INTO ClubMember (ClubID, StudentID, AccountTypeID) VALUES (94, 2200158, 2);
INSERT INTO ClubMember (ClubID, StudentID, AccountTypeID) VALUES (94, 2200171, 1);
INSERT INTO ClubMember (ClubID, StudentID, AccountTypeID) VALUES (95, 2200032, 2);
INSERT INTO ClubMember (ClubID, StudentID, AccountTypeID) VALUES (95, 2200065, 2);
INSERT INTO ClubMember (ClubID, StudentID, AccountTypeID) VALUES (95, 2200089, 2);
INSERT INTO ClubMember (ClubID, StudentID, AccountTypeID) VALUES (95, 2200126, 2);
INSERT INTO ClubMember (ClubID, StudentID, AccountTypeID) VALUES (95, 2200134, 1);
INSERT INTO ClubMember (ClubID, StudentID, AccountTypeID) VALUES (95, 2200144, 2);
INSERT INTO ClubMember (ClubID, StudentID, AccountTypeID) VALUES (95, 2200148, 2);
INSERT INTO ClubMember (ClubID, StudentID, AccountTypeID) VALUES (95, 2200193, 1);
INSERT INTO ClubMember (ClubID, StudentID, AccountTypeID) VALUES (96, 2200011, 2);
INSERT INTO ClubMember (ClubID, StudentID, AccountTypeID) VALUES (96, 2200024, 1);
INSERT INTO ClubMember (ClubID, StudentID, AccountTypeID) VALUES (96, 2200036, 2);
INSERT INTO ClubMember (ClubID, StudentID, AccountTypeID) VALUES (96, 2200091, 1);
INSERT INTO ClubMember (ClubID, StudentID, AccountTypeID) VALUES (96, 2200096, 2);
INSERT INTO ClubMember (ClubID, StudentID, AccountTypeID) VALUES (96, 2200099, 2);
INSERT INTO ClubMember (ClubID, StudentID, AccountTypeID) VALUES (96, 2200137, 2);
INSERT INTO ClubMember (ClubID, StudentID, AccountTypeID) VALUES (96, 2200174, 2);
INSERT INTO ClubMember (ClubID, StudentID, AccountTypeID) VALUES (97, 2200033, 2);
INSERT INTO ClubMember (ClubID, StudentID, AccountTypeID) VALUES (97, 2200042, 2);
INSERT INTO ClubMember (ClubID, StudentID, AccountTypeID) VALUES (97, 2200053, 2);
INSERT INTO ClubMember (ClubID, StudentID, AccountTypeID) VALUES (97, 2200056, 1);
INSERT INTO ClubMember (ClubID, StudentID, AccountTypeID) VALUES (97, 2200069, 1);
INSERT INTO ClubMember (ClubID, StudentID, AccountTypeID) VALUES (97, 2200079, 2);
INSERT INTO ClubMember (ClubID, StudentID, AccountTypeID) VALUES (97, 2200133, 1);
INSERT INTO ClubMember (ClubID, StudentID, AccountTypeID) VALUES (97, 2200151, 1);
INSERT INTO ClubMember (ClubID, StudentID, AccountTypeID) VALUES (97, 2200185, 1);
INSERT INTO ClubMember (ClubID, StudentID, AccountTypeID) VALUES (97, 2200194, 1);
INSERT INTO ClubMember (ClubID, StudentID, AccountTypeID) VALUES (98, 2200002, 2);
INSERT INTO ClubMember (ClubID, StudentID, AccountTypeID) VALUES (98, 2200052, 1);
INSERT INTO ClubMember (ClubID, StudentID, AccountTypeID) VALUES (98, 2200091, 1);
INSERT INTO ClubMember (ClubID, StudentID, AccountTypeID) VALUES (98, 2200131, 1);
INSERT INTO ClubMember (ClubID, StudentID, AccountTypeID) VALUES (98, 2200141, 1);
INSERT INTO ClubMember (ClubID, StudentID, AccountTypeID) VALUES (98, 2200141, 1);
INSERT INTO ClubMember (ClubID, StudentID, AccountTypeID) VALUES (98, 2200169, 2);
INSERT INTO ClubMember (ClubID, StudentID, AccountTypeID) VALUES (98, 2200177, 1);
INSERT INTO ClubMember (ClubID, StudentID, AccountTypeID) VALUES (99, 2200015, 1);
INSERT INTO ClubMember (ClubID, StudentID, AccountTypeID) VALUES (99, 2200022, 1);
INSERT INTO ClubMember (ClubID, StudentID, AccountTypeID) VALUES (99, 2200040, 1);
INSERT INTO ClubMember (ClubID, StudentID, AccountTypeID) VALUES (99, 2200057, 1);
INSERT INTO ClubMember (ClubID, StudentID, AccountTypeID) VALUES (99, 2200066, 2);
INSERT INTO ClubMember (ClubID, StudentID, AccountTypeID) VALUES (99, 2200088, 2);
INSERT INTO ClubMember (ClubID, StudentID, AccountTypeID) VALUES (99, 2200089, 2);
INSERT INTO ClubMember (ClubID, StudentID, AccountTypeID) VALUES (99, 2200112, 1);
INSERT INTO ClubMember (ClubID, StudentID, AccountTypeID) VALUES (99, 2200148, 2);
INSERT INTO ClubMember (ClubID, StudentID, AccountTypeID) VALUES (99, 2200149, 1);
INSERT INTO ClubMember (ClubID, StudentID, AccountTypeID) VALUES (99, 2200162, 2);
INSERT INTO ClubMember (ClubID, StudentID, AccountTypeID) VALUES (99, 2200177, 1);
INSERT INTO ClubMember (ClubID, StudentID, AccountTypeID) VALUES (99, 2200187, 1);
INSERT INTO ClubMember (ClubID, StudentID, AccountTypeID) VALUES (100, 2200075, 1);
INSERT INTO ClubMember (ClubID, StudentID, AccountTypeID) VALUES (100, 2200094, 2);
INSERT INTO ClubMember (ClubID, StudentID, AccountTypeID) VALUES (100, 2200110, 1);
INSERT INTO ClubMember (ClubID, StudentID, AccountTypeID) VALUES (100, 2200175, 1);
INSERT INTO ClubMember (ClubID, StudentID, AccountTypeID) VALUES (100, 2200175, 1);
INSERT INTO ClubMember (ClubID, StudentID, AccountTypeID) VALUES (100, 2200191, 1);
INSERT INTO ClubMember (ClubID, StudentID, AccountTypeID) VALUES (101, 2200046, 2);
INSERT INTO ClubMember (ClubID, StudentID, AccountTypeID) VALUES (101, 2200048, 1);
INSERT INTO ClubMember (ClubID, StudentID, AccountTypeID) VALUES (101, 2200066, 2);
INSERT INTO ClubMember (ClubID, StudentID, AccountTypeID) VALUES (101, 2200071, 1);
INSERT INTO ClubMember (ClubID, StudentID, AccountTypeID) VALUES (101, 2200092, 1);
INSERT INTO ClubMember (ClubID, StudentID, AccountTypeID) VALUES (101, 2200112, 1);
INSERT INTO ClubMember (ClubID, StudentID, AccountTypeID) VALUES (101, 2200114, 2);
INSERT INTO ClubMember (ClubID, StudentID, AccountTypeID) VALUES (101, 2200122, 2);
INSERT INTO ClubMember (ClubID, StudentID, AccountTypeID) VALUES (101, 2200170, 1);
INSERT INTO ClubMember (ClubID, StudentID, AccountTypeID) VALUES (101, 2200197, 1);
INSERT INTO ClubMember (ClubID, StudentID, AccountTypeID) VALUES (102, 2200005, 2);
INSERT INTO ClubMember (ClubID, StudentID, AccountTypeID) VALUES (102, 2200006, 1);
INSERT INTO ClubMember (ClubID, StudentID, AccountTypeID) VALUES (102, 2200018, 1);
INSERT INTO ClubMember (ClubID, StudentID, AccountTypeID) VALUES (102, 2200061, 1);
INSERT INTO ClubMember (ClubID, StudentID, AccountTypeID) VALUES (102, 2200090, 1);
INSERT INTO ClubMember (ClubID, StudentID, AccountTypeID) VALUES (102, 2200113, 2);
INSERT INTO ClubMember (ClubID, StudentID, AccountTypeID) VALUES (102, 2200155, 1);
INSERT INTO ClubMember (ClubID, StudentID, AccountTypeID) VALUES (103, 2200018, 1);
INSERT INTO ClubMember (ClubID, StudentID, AccountTypeID) VALUES (103, 2200046, 2);
INSERT INTO ClubMember (ClubID, StudentID, AccountTypeID) VALUES (103, 2200096, 2);
INSERT INTO ClubMember (ClubID, StudentID, AccountTypeID) VALUES (103, 2200159, 1);
INSERT INTO ClubMember (ClubID, StudentID, AccountTypeID) VALUES (104, 2200039, 2);
INSERT INTO ClubMember (ClubID, StudentID, AccountTypeID) VALUES (104, 2200054, 1);
INSERT INTO ClubMember (ClubID, StudentID, AccountTypeID) VALUES (104, 2200111, 1);
INSERT INTO ClubMember (ClubID, StudentID, AccountTypeID) VALUES (104, 2200181, 2);
INSERT INTO ClubMember (ClubID, StudentID, AccountTypeID) VALUES (104, 2200198, 2);
INSERT INTO ClubMember (ClubID, StudentID, AccountTypeID) VALUES (105, 2200023, 2);
INSERT INTO ClubMember (ClubID, StudentID, AccountTypeID) VALUES (105, 2200048, 1);
INSERT INTO ClubMember (ClubID, StudentID, AccountTypeID) VALUES (105, 2200052, 1);
INSERT INTO ClubMember (ClubID, StudentID, AccountTypeID) VALUES (105, 2200058, 1);
INSERT INTO ClubMember (ClubID, StudentID, AccountTypeID) VALUES (105, 2200109, 1);
INSERT INTO ClubMember (ClubID, StudentID, AccountTypeID) VALUES (106, 2200002, 2);
INSERT INTO ClubMember (ClubID, StudentID, AccountTypeID) VALUES (106, 2200017, 1);
INSERT INTO ClubMember (ClubID, StudentID, AccountTypeID) VALUES (106, 2200034, 2);
INSERT INTO ClubMember (ClubID, StudentID, AccountTypeID) VALUES (106, 2200087, 1);
INSERT INTO ClubMember (ClubID, StudentID, AccountTypeID) VALUES (106, 2200089, 2);
INSERT INTO ClubMember (ClubID, StudentID, AccountTypeID) VALUES (106, 2200105, 2);
INSERT INTO ClubMember (ClubID, StudentID, AccountTypeID) VALUES (106, 2200111, 1);
INSERT INTO ClubMember (ClubID, StudentID, AccountTypeID) VALUES (106, 2200123, 2);
INSERT INTO ClubMember (ClubID, StudentID, AccountTypeID) VALUES (106, 2200180, 1);
INSERT INTO ClubMember (ClubID, StudentID, AccountTypeID) VALUES (106, 2200184, 2);
INSERT INTO ClubMember (ClubID, StudentID, AccountTypeID) VALUES (106, 2200195, 1);
INSERT INTO ClubMember (ClubID, StudentID, AccountTypeID) VALUES (107, 2200004, 1);
INSERT INTO ClubMember (ClubID, StudentID, AccountTypeID) VALUES (107, 2200006, 1);
INSERT INTO ClubMember (ClubID, StudentID, AccountTypeID) VALUES (107, 2200010, 1);
INSERT INTO ClubMember (ClubID, StudentID, AccountTypeID) VALUES (107, 2200012, 1);
INSERT INTO ClubMember (ClubID, StudentID, AccountTypeID) VALUES (107, 2200062, 2);
INSERT INTO ClubMember (ClubID, StudentID, AccountTypeID) VALUES (107, 2200067, 1);
INSERT INTO ClubMember (ClubID, StudentID, AccountTypeID) VALUES (107, 2200160, 1);
INSERT INTO ClubMember (ClubID, StudentID, AccountTypeID) VALUES (107, 2200188, 2);
INSERT INTO ClubMember (ClubID, StudentID, AccountTypeID) VALUES (108, 2200073, 1);
INSERT INTO ClubMember (ClubID, StudentID, AccountTypeID) VALUES (108, 2200097, 2);
INSERT INTO ClubMember (ClubID, StudentID, AccountTypeID) VALUES (108, 2200118, 2);
INSERT INTO ClubMember (ClubID, StudentID, AccountTypeID) VALUES (108, 2200130, 1);
INSERT INTO ClubMember (ClubID, StudentID, AccountTypeID) VALUES (109, 2200066, 2);
INSERT INTO ClubMember (ClubID, StudentID, AccountTypeID) VALUES (109, 2200070, 2);
INSERT INTO ClubMember (ClubID, StudentID, AccountTypeID) VALUES (109, 2200086, 1);
INSERT INTO ClubMember (ClubID, StudentID, AccountTypeID) VALUES (109, 2200164, 1);
INSERT INTO ClubMember (ClubID, StudentID, AccountTypeID) VALUES (110, 2200037, 2);
INSERT INTO ClubMember (ClubID, StudentID, AccountTypeID) VALUES (110, 2200045, 2);
INSERT INTO ClubMember (ClubID, StudentID, AccountTypeID) VALUES (110, 2200051, 1);
INSERT INTO ClubMember (ClubID, StudentID, AccountTypeID) VALUES (110, 2200057, 1);
INSERT INTO ClubMember (ClubID, StudentID, AccountTypeID) VALUES (110, 2200068, 2);
INSERT INTO ClubMember (ClubID, StudentID, AccountTypeID) VALUES (110, 2200088, 2);
INSERT INTO ClubMember (ClubID, StudentID, AccountTypeID) VALUES (110, 2200123, 2);
INSERT INTO ClubMember (ClubID, StudentID, AccountTypeID) VALUES (110, 2200199, 2);
INSERT INTO ClubMember (ClubID, StudentID, AccountTypeID) VALUES (111, 2200008, 1);
INSERT INTO ClubMember (ClubID, StudentID, AccountTypeID) VALUES (111, 2200058, 1);
INSERT INTO ClubMember (ClubID, StudentID, AccountTypeID) VALUES (111, 2200069, 1);
INSERT INTO ClubMember (ClubID, StudentID, AccountTypeID) VALUES (111, 2200074, 1);
INSERT INTO ClubMember (ClubID, StudentID, AccountTypeID) VALUES (111, 2200096, 2);
INSERT INTO ClubMember (ClubID, StudentID, AccountTypeID) VALUES (111, 2200113, 2);
INSERT INTO ClubMember (ClubID, StudentID, AccountTypeID) VALUES (111, 2200127, 1);
INSERT INTO ClubMember (ClubID, StudentID, AccountTypeID) VALUES (111, 2200148, 2);
INSERT INTO ClubMember (ClubID, StudentID, AccountTypeID) VALUES (111, 2200178, 2);
INSERT INTO ClubMember (ClubID, StudentID, AccountTypeID) VALUES (111, 2200192, 1);
INSERT INTO ClubMember (ClubID, StudentID, AccountTypeID) VALUES (112, 2200003, 2);
INSERT INTO ClubMember (ClubID, StudentID, AccountTypeID) VALUES (112, 2200009, 1);
INSERT INTO ClubMember (ClubID, StudentID, AccountTypeID) VALUES (112, 2200026, 1);
INSERT INTO ClubMember (ClubID, StudentID, AccountTypeID) VALUES (112, 2200060, 1);
INSERT INTO ClubMember (ClubID, StudentID, AccountTypeID) VALUES (112, 2200094, 2);
INSERT INTO ClubMember (ClubID, StudentID, AccountTypeID) VALUES (112, 2200122, 2);
INSERT INTO ClubMember (ClubID, StudentID, AccountTypeID) VALUES (112, 2200172, 1);
INSERT INTO ClubMember (ClubID, StudentID, AccountTypeID) VALUES (113, 2200050, 1);
INSERT INTO ClubMember (ClubID, StudentID, AccountTypeID) VALUES (113, 2200077, 1);
INSERT INTO ClubMember (ClubID, StudentID, AccountTypeID) VALUES (113, 2200105, 2);
INSERT INTO ClubMember (ClubID, StudentID, AccountTypeID) VALUES (113, 2200123, 2);
INSERT INTO ClubMember (ClubID, StudentID, AccountTypeID) VALUES (113, 2200137, 2);
INSERT INTO ClubMember (ClubID, StudentID, AccountTypeID) VALUES (113, 2200153, 2);
INSERT INTO ClubMember (ClubID, StudentID, AccountTypeID) VALUES (113, 2200181, 2);
INSERT INTO ClubMember (ClubID, StudentID, AccountTypeID) VALUES (113, 2200197, 1);
INSERT INTO ClubMember (ClubID, StudentID, AccountTypeID) VALUES (114, 2200000, 1);
INSERT INTO ClubMember (ClubID, StudentID, AccountTypeID) VALUES (114, 2200004, 1);
INSERT INTO ClubMember (ClubID, StudentID, AccountTypeID) VALUES (114, 2200021, 1);
INSERT INTO ClubMember (ClubID, StudentID, AccountTypeID) VALUES (115, 2200005, 2);
INSERT INTO ClubMember (ClubID, StudentID, AccountTypeID) VALUES (115, 2200083, 1);
INSERT INTO ClubMember (ClubID, StudentID, AccountTypeID) VALUES (115, 2200089, 2);
INSERT INTO ClubMember (ClubID, StudentID, AccountTypeID) VALUES (115, 2200107, 2);
INSERT INTO ClubMember (ClubID, StudentID, AccountTypeID) VALUES (115, 2200119, 1);
INSERT INTO ClubMember (ClubID, StudentID, AccountTypeID) VALUES (115, 2200173, 2);
INSERT INTO ClubMember (ClubID, StudentID, AccountTypeID) VALUES (115, 2200176, 1);
INSERT INTO ClubMember (ClubID, StudentID, AccountTypeID) VALUES (116, 2200007, 2);
INSERT INTO ClubMember (ClubID, StudentID, AccountTypeID) VALUES (116, 2200016, 1);
INSERT INTO ClubMember (ClubID, StudentID, AccountTypeID) VALUES (116, 2200041, 2);
INSERT INTO ClubMember (ClubID, StudentID, AccountTypeID) VALUES (116, 2200073, 1);
INSERT INTO ClubMember (ClubID, StudentID, AccountTypeID) VALUES (116, 2200089, 2);
INSERT INTO ClubMember (ClubID, StudentID, AccountTypeID) VALUES (116, 2200093, 1);
INSERT INTO ClubMember (ClubID, StudentID, AccountTypeID) VALUES (116, 2200117, 1);
INSERT INTO ClubMember (ClubID, StudentID, AccountTypeID) VALUES (116, 2200158, 2);
INSERT INTO ClubMember (ClubID, StudentID, AccountTypeID) VALUES (116, 2200168, 2);
INSERT INTO ClubMember (ClubID, StudentID, AccountTypeID) VALUES (116, 2200181, 2);
INSERT INTO ClubMember (ClubID, StudentID, AccountTypeID) VALUES (116, 2200185, 1);
INSERT INTO ClubMember (ClubID, StudentID, AccountTypeID) VALUES (117, 2200007, 2);
INSERT INTO ClubMember (ClubID, StudentID, AccountTypeID) VALUES (117, 2200022, 1);
INSERT INTO ClubMember (ClubID, StudentID, AccountTypeID) VALUES (117, 2200048, 1);
INSERT INTO ClubMember (ClubID, StudentID, AccountTypeID) VALUES (117, 2200071, 1);
INSERT INTO ClubMember (ClubID, StudentID, AccountTypeID) VALUES (117, 2200095, 1);
INSERT INTO ClubMember (ClubID, StudentID, AccountTypeID) VALUES (117, 2200128, 1);
INSERT INTO ClubMember (ClubID, StudentID, AccountTypeID) VALUES (117, 2200162, 2);
INSERT INTO ClubMember (ClubID, StudentID, AccountTypeID) VALUES (117, 2200165, 2);
INSERT INTO ClubMember (ClubID, StudentID, AccountTypeID) VALUES (117, 2200184, 2);
INSERT INTO ClubMember (ClubID, StudentID, AccountTypeID) VALUES (118, 2200016, 1);
INSERT INTO ClubMember (ClubID, StudentID, AccountTypeID) VALUES (118, 2200133, 1);
INSERT INTO ClubMember (ClubID, StudentID, AccountTypeID) VALUES (119, 2200023, 2);
INSERT INTO ClubMember (ClubID, StudentID, AccountTypeID) VALUES (119, 2200063, 2);
INSERT INTO ClubMember (ClubID, StudentID, AccountTypeID) VALUES (119, 2200069, 1);
INSERT INTO ClubMember (ClubID, StudentID, AccountTypeID) VALUES (119, 2200179, 2);
INSERT INTO ClubMember (ClubID, StudentID, AccountTypeID) VALUES (119, 2200181, 2);
INSERT INTO ClubMember (ClubID, StudentID, AccountTypeID) VALUES (120, 2200003, 2);
INSERT INTO ClubMember (ClubID, StudentID, AccountTypeID) VALUES (120, 2200016, 1);
INSERT INTO ClubMember (ClubID, StudentID, AccountTypeID) VALUES (120, 2200035, 1);
INSERT INTO ClubMember (ClubID, StudentID, AccountTypeID) VALUES (120, 2200095, 1);
INSERT INTO ClubMember (ClubID, StudentID, AccountTypeID) VALUES (120, 2200100, 1);
INSERT INTO ClubMember (ClubID, StudentID, AccountTypeID) VALUES (120, 2200106, 2);
INSERT INTO ClubMember (ClubID, StudentID, AccountTypeID) VALUES (120, 2200128, 1);
INSERT INTO ClubMember (ClubID, StudentID, AccountTypeID) VALUES (120, 2200136, 2);
INSERT INTO ClubMember (ClubID, StudentID, AccountTypeID) VALUES (120, 2200186, 2);
INSERT INTO ClubMember (ClubID, StudentID, AccountTypeID) VALUES (120, 2200196, 2);
INSERT INTO ClubMember (ClubID, StudentID, AccountTypeID) VALUES (121, 2200002, 2);
INSERT INTO ClubMember (ClubID, StudentID, AccountTypeID) VALUES (121, 2200010, 1);
INSERT INTO ClubMember (ClubID, StudentID, AccountTypeID) VALUES (121, 2200011, 2);
INSERT INTO ClubMember (ClubID, StudentID, AccountTypeID) VALUES (121, 2200013, 1);
INSERT INTO ClubMember (ClubID, StudentID, AccountTypeID) VALUES (121, 2200032, 2);
INSERT INTO ClubMember (ClubID, StudentID, AccountTypeID) VALUES (121, 2200039, 2);
INSERT INTO ClubMember (ClubID, StudentID, AccountTypeID) VALUES (121, 2200063, 2);
INSERT INTO ClubMember (ClubID, StudentID, AccountTypeID) VALUES (121, 2200084, 2);
INSERT INTO ClubMember (ClubID, StudentID, AccountTypeID) VALUES (121, 2200104, 1);
INSERT INTO ClubMember (ClubID, StudentID, AccountTypeID) VALUES (121, 2200108, 1);
INSERT INTO ClubMember (ClubID, StudentID, AccountTypeID) VALUES (121, 2200141, 1);
INSERT INTO ClubMember (ClubID, StudentID, AccountTypeID) VALUES (121, 2200146, 1);
INSERT INTO ClubMember (ClubID, StudentID, AccountTypeID) VALUES (121, 2200152, 2);
INSERT INTO ClubMember (ClubID, StudentID, AccountTypeID) VALUES (121, 2200167, 1);
INSERT INTO ClubMember (ClubID, StudentID, AccountTypeID) VALUES (121, 2200169, 2);
INSERT INTO ClubMember (ClubID, StudentID, AccountTypeID) VALUES (122, 2200012, 1);
INSERT INTO ClubMember (ClubID, StudentID, AccountTypeID) VALUES (122, 2200042, 2);
INSERT INTO ClubMember (ClubID, StudentID, AccountTypeID) VALUES (122, 2200076, 1);
INSERT INTO ClubMember (ClubID, StudentID, AccountTypeID) VALUES (122, 2200125, 1);
INSERT INTO ClubMember (ClubID, StudentID, AccountTypeID) VALUES (122, 2200127, 1);
INSERT INTO ClubMember (ClubID, StudentID, AccountTypeID) VALUES (122, 2200150, 1);
INSERT INTO ClubMember (ClubID, StudentID, AccountTypeID) VALUES (122, 2200157, 2);
INSERT INTO ClubMember (ClubID, StudentID, AccountTypeID) VALUES (122, 2200159, 1);
INSERT INTO ClubMember (ClubID, StudentID, AccountTypeID) VALUES (122, 2200191, 1);
INSERT INTO ClubMember (ClubID, StudentID, AccountTypeID) VALUES (123, 2200014, 2);
INSERT INTO ClubMember (ClubID, StudentID, AccountTypeID) VALUES (123, 2200037, 2);
INSERT INTO ClubMember (ClubID, StudentID, AccountTypeID) VALUES (123, 2200072, 1);
INSERT INTO ClubMember (ClubID, StudentID, AccountTypeID) VALUES (123, 2200072, 1);
INSERT INTO ClubMember (ClubID, StudentID, AccountTypeID) VALUES (123, 2200085, 1);
INSERT INTO ClubMember (ClubID, StudentID, AccountTypeID) VALUES (123, 2200095, 1);
INSERT INTO ClubMember (ClubID, StudentID, AccountTypeID) VALUES (123, 2200108, 1);
INSERT INTO ClubMember (ClubID, StudentID, AccountTypeID) VALUES (123, 2200146, 1);
INSERT INTO ClubMember (ClubID, StudentID, AccountTypeID) VALUES (123, 2200164, 1);
INSERT INTO ClubMember (ClubID, StudentID, AccountTypeID) VALUES (123, 2200175, 1);
INSERT INTO ClubMember (ClubID, StudentID, AccountTypeID) VALUES (124, 2200054, 1);
INSERT INTO ClubMember (ClubID, StudentID, AccountTypeID) VALUES (124, 2200074, 1);
INSERT INTO ClubMember (ClubID, StudentID, AccountTypeID) VALUES (124, 2200088, 2);
INSERT INTO ClubMember (ClubID, StudentID, AccountTypeID) VALUES (124, 2200109, 1);
INSERT INTO ClubMember (ClubID, StudentID, AccountTypeID) VALUES (124, 2200135, 2);
INSERT INTO ClubMember (ClubID, StudentID, AccountTypeID) VALUES (124, 2200154, 1);
INSERT INTO ClubMember (ClubID, StudentID, AccountTypeID) VALUES (124, 2200174, 2);
INSERT INTO ClubMember (ClubID, StudentID, AccountTypeID) VALUES (125, 2200007, 2);
INSERT INTO ClubMember (ClubID, StudentID, AccountTypeID) VALUES (125, 2200033, 2);
INSERT INTO ClubMember (ClubID, StudentID, AccountTypeID) VALUES (125, 2200069, 1);
INSERT INTO ClubMember (ClubID, StudentID, AccountTypeID) VALUES (125, 2200078, 2);
INSERT INTO ClubMember (ClubID, StudentID, AccountTypeID) VALUES (125, 2200107, 2);
INSERT INTO ClubMember (ClubID, StudentID, AccountTypeID) VALUES (125, 2200112, 1);
INSERT INTO ClubMember (ClubID, StudentID, AccountTypeID) VALUES (125, 2200156, 2);
INSERT INTO ClubMember (ClubID, StudentID, AccountTypeID) VALUES (125, 2200160, 1);
INSERT INTO ClubMember (ClubID, StudentID, AccountTypeID) VALUES (125, 2200195, 1);
INSERT INTO ClubMember (ClubID, StudentID, AccountTypeID) VALUES (126, 2200071, 1);
INSERT INTO ClubMember (ClubID, StudentID, AccountTypeID) VALUES (126, 2200085, 1);
INSERT INTO ClubMember (ClubID, StudentID, AccountTypeID) VALUES (126, 2200110, 1);
INSERT INTO ClubMember (ClubID, StudentID, AccountTypeID) VALUES (126, 2200113, 2);
INSERT INTO ClubMember (ClubID, StudentID, AccountTypeID) VALUES (126, 2200140, 2);
INSERT INTO ClubMember (ClubID, StudentID, AccountTypeID) VALUES (126, 2200153, 2);
INSERT INTO ClubMember (ClubID, StudentID, AccountTypeID) VALUES (126, 2200161, 2);
INSERT INTO ClubMember (ClubID, StudentID, AccountTypeID) VALUES (127, 2200030, 1);
INSERT INTO ClubMember (ClubID, StudentID, AccountTypeID) VALUES (127, 2200054, 1);
INSERT INTO ClubMember (ClubID, StudentID, AccountTypeID) VALUES (127, 2200086, 1);
INSERT INTO ClubMember (ClubID, StudentID, AccountTypeID) VALUES (127, 2200103, 2);
INSERT INTO ClubMember (ClubID, StudentID, AccountTypeID) VALUES (127, 2200118, 2);
INSERT INTO ClubMember (ClubID, StudentID, AccountTypeID) VALUES (127, 2200168, 2);
INSERT INTO ClubMember (ClubID, StudentID, AccountTypeID) VALUES (127, 2200170, 1);
